114.024, 94.5855, 29, 34, 22, 30, 0.0766441, 0.115889, 0.769348, 0.872447, 13
114.027, 94.6273, 25, 30, 17, 31, 0.092188, 0.139382, 0.565249, 0.0780697, 9
114.019, 94.5218, 30, 33, 18, 26, 0.0163588, 0.203781, 0.878606, 0.389283, 16
114.03, 94.66, 34, 34, 20, 34, 0.0608355, 0.200929, 0.145047, 0.53258, 5
114.029, 94.6545, 25, 37, 19, 25, 0.0679115, 0.206609, 0.539709, 0.742734, 8
114.016, 94.4673, 25, 36, 23, 30, 0.0585205, 0.182852, 0.90975, 0.764047, 20
114.031, 94.6745, 31, 38, 28, 32, 0.0426968, 0.221139, 0.150095, 0.748066, 6
114.022, 94.5436, 34, 39, 19, 28, 0.0647964, 0.182877, 0.779955, 0.257656, 13
114.026, 94.5909, 34, 35, 22, 26, 0.0434585, 0.19353, 0.672597, 0.292544, 10
114.027, 94.6218, 31, 31, 28, 29, 0.0372884, 0.209977, 0.590224, 0.291145, 10
114.025, 94.5909, 28, 34, 17, 28, 0.0535958, 0.123063, 0.753629, 0.523427, 11
114.017, 94.48, 25, 39, 20, 28, 0.0348584, 0.158806, 0.899429, 0.285916, 20
114.021, 94.5509, 28, 39, 21, 31, 0.0470068, 0.236614, 0.800696, 0.87131, 15
114.028, 94.6273, 25, 39, 16, 34, 0.0645466, 0.124594, 0.471061, 0.505499, 9
114.028, 94.6255, 33, 36, 19, 29, 0.0573698, 0.0871496, 0.608261, 0.85876, 9
114.03, 94.6564, 31, 37, 21, 31, 0.0519646, 0.166796, 0.273105, 0.197535, 7
114.03, 94.6527, 33, 39, 18, 33, 0.0695046, 0.148594, 0.234069, 0.378135, 6
114.027, 94.6145, 26, 39, 19, 33, 0.0388165, 0.0610024, 0.66039, 0.734801, 10
114.023, 94.5818, 34, 34, 28, 34, 0.0332183, 0.105575, 0.768634, 0.974382, 13
114.03, 94.6509, 25, 34, 25, 29, 0.0536905, 0.105107, 0.290812, 0.569049, 7
71.6274, 57.8382, 25, 37, 18, 27, 0.0617467, 0.23206, 0.997777, 0.664872, 550
114.031, 94.6745, 27, 38, 28, 34, 0.0594293, 0.146971, 0.370902, 0.0699065, 7
114.021, 94.5473, 33, 38, 26, 26, 0.0948858, 0.212257, 0.776437, 0.166391, 16
114.019, 94.52, 25, 38, 26, 29, 0.045496, 0.114571, 0.747425, 0.00868105, 16
114.027, 94.62, 28, 31, 27, 33, 0.0348342, 0.0786246, 0.645407, 0.267888, 10
114.031, 94.6636, 26, 32, 24, 32, 0.000612399, 0.120822, 0.0468341, 0.227537, 5
114.03, 94.6582, 28, 31, 21, 28, 0.0709426, 0.222364, 0.324801, 0.922737, 6
119.302, 99.3, 31, 32, 26, 32, 0.0993336, 0.123584, 0.948889, 0.229004, 380
114.028, 94.6418, 34, 35, 23, 32, 0.00685985, 0.166349, 0.516203, 0.317131, 9
114.018, 94.4873, 30, 35, 19, 29, 0.0571529, 0.174518, 0.836966, 0.284794, 16
114.025, 94.6055, 30, 38, 22, 34, 0.0572101, 0.118471, 0.864975, 0.677751, 18
114.025, 94.6, 26, 38, 27, 33, 0.0193628, 0.120213, 0.756695, 0.969959, 12
114.028, 94.6345, 32, 35, 18, 34, 0.0280118, 0.234565, 0.478935, 0.981198, 8
114.027, 94.6273, 32, 39, 23, 32, 0.0340816, 0.19806, 0.602209, 0.022899, 11
114.031, 94.6673, 33, 35, 16, 25, 0.0624855, 0.206482, 0.166607, 0.139832, 6
114.027, 94.6127, 30, 32, 29, 33, 0.079821, 0.243924, 0.817239, 0.139021, 20
114.035, 94.6636, 34, 38, 27, 32, 0.084439, 0.205542, 0.971506, 0.977811, 28
114.027, 94.6273, 29, 33, 23, 30, 0.0990491, 0.198545, 0.569094, 0.705672, 9
114.02, 94.5345, 27, 30, 19, 28, 0.0476555, 0.0992757, 0.848623, 0.441747, 16
114.032, 94.6873, 30, 37, 16, 26, 0.0367318, 0.229096, 0.0460204, 0.645897, 5
114.03, 94.66, 33, 36, 17, 27, 0.0582647, 0.0958382, 0.24082, 0.681053, 6
114.019, 94.5055, 31, 32, 17, 33, 0.0440465, 0.213021, 0.808733, 0.601789, 15
113.666, 93.2145, 26, 31, 17, 34, 0.0479352, 0.121566, 0.948308, 0.290304, 152
114.03, 94.6509, 31, 33, 22, 30, 0.0847546, 0.0895001, 0.219352, 0.164514, 6
114.03, 94.6564, 28, 34, 22, 31, 0.0821977, 0.163209, 0.150069, 0.412037, 7
114.031, 94.6655, 32, 32, 27, 31, 0.0441855, 0.156071, 0.0424571, 0.13634, 5
114.029, 94.6364, 28, 39, 16, 29, 0.0305862, 0.0853007, 0.540782, 0.74743, 8
114.029, 94.6418, 31, 32, 23, 31, 0.063697, 0.179059, 0.42705, 0.139307, 9
114.016, 94.4927, 25, 38, 27, 27, 0.0650117, 0.24447, 0.906808, 0.504142, 23
114.03, 94.6564, 26, 37, 18, 25, 0.0218372, 0.0606245, 0.484057, 0.373337, 8
114.03, 94.6582, 26, 38, 19, 32, 0.0312996, 0.121232, 0.181997, 0.994931, 6
114.03, 94.6509, 34, 38, 27, 27, 0.0971453, 0.125237, 0.570659, 0.965536, 8
114.03, 94.6545, 26, 31, 24, 33, 0.0775387, 0.122599, 0.406446, 0.335944, 7
114.03, 94.6655, 34, 36, 22, 34, 0.061919, 0.239725, 0.294696, 0.183089, 7
114.031, 94.6618, 31, 39, 28, 30, 0.025576, 0.234893, 0.310146, 0.0164545, 6
114.028, 94.6273, 25, 30, 23, 33, 0.048184, 0.178642, 0.606633, 0.871658, 8
114.023, 94.5618, 28, 37, 22, 29, 0.0848545, 0.225215, 0.760256, 0.820259, 12
114.014, 94.4236, 26, 37, 23, 27, 0.00788088, 0.0751221, 0.929826, 0.720678, 20
114.03, 94.6582, 29, 30, 18, 30, 0.063899, 0.131545, 0.381603, 0.116498, 6
114.03, 94.66, 29, 35, 17, 28, 0.0564713, 0.0715352, 0.166881, 0.622016, 6
114.029, 94.6364, 34, 37, 18, 27, 0.0343859, 0.0821308, 0.527209, 0.630681, 8
114.032, 94.6818, 28, 34, 21, 25, 0.00779561, 0.112531, 0.0411012, 0.180129, 5
114.024, 94.5836, 29, 31, 26, 28, 0.0496485, 0.185728, 0.716951, 0.660589, 12
114.02, 94.5327, 26, 31, 20, 29, 0.0182785, 0.13923, 0.811204, 0.85025, 15
114.03, 94.66, 34, 37, 19, 29, 0.0956861, 0.222362, 0.205259, 0.492914, 7
114.029, 94.6436, 34, 35, 18, 25, 0.010149, 0.106981, 0.641062, 0.991772, 9
114.017, 94.4636, 28, 33, 19, 29, 0.0364785, 0.0699719, 0.810797, 0.215259, 16
114.03, 94.6545, 32, 36, 28, 31, 0.0741123, 0.203229, 0.725409, 0.765773, 12
114.024, 94.5673, 33, 39, 23, 27, 0.0362935, 0.207778, 0.732602, 0.542616, 13
114.022, 94.5564, 31, 32, 18, 26, 0.0411059, 0.201831, 0.823639, 0.65051, 13
114.014, 94.4545, 31, 32, 24, 28, 0.0117552, 0.191374, 0.890056, 0.187696, 23
114.03, 94.6509, 32, 38, 23, 30, 0.0394554, 0.156632, 0.358777, 0.30726, 6
114.03, 94.66, 32, 37, 18, 27, 0.0436421, 0.210991, 0.195307, 0.814324, 6
114.023, 94.56, 33, 36, 22, 33, 0.0918477, 0.171527, 0.875832, 0.296226, 23
114.031, 94.6764, 28, 32, 16, 31, 0.0227256, 0.116864, 0.0350526, 0.452925, 5
114.03, 94.6582, 26, 33, 18, 25, 0.0037103, 0.130979, 0.447904, 0.13398, 8
113.937, 93.9309, 29, 32, 26, 30, 0.0991204, 0.1187, 0.965874, 0.521432, 105
114.027, 94.6291, 28, 39, 24, 33, 0.0152876, 0.153902, 0.751622, 0.919057, 13
114.03, 94.6636, 32, 33, 24, 32, 0.0602466, 0.219769, 0.056501, 0.0482581, 6
114.031, 94.6655, 25, 33, 16, 26, 0.0416003, 0.0820374, 0.43818, 0.79626, 6
114.03, 94.6582, 32, 38, 24, 30, 0.0233775, 0.241657, 0.267853, 0.976688, 6
125.639, 105.215, 25, 39, 27, 28, 0.00851901, 0.113888, 0.993744, 0.408566, 61
114.027, 94.6182, 25, 32, 21, 33, 0.0554355, 0.171762, 0.560456, 0.592492, 9
114.03, 94.66, 34, 36, 18, 27, 0.0103871, 0.0957269, 0.240958, 0.478857, 6
114.028, 94.6291, 30, 34, 17, 33, 0.00251837, 0.22878, 0.581857, 0.561886, 9
114.025, 94.5964, 31, 34, 17, 27, 0.0594569, 0.223676, 0.642287, 0.476962, 11
114.031, 94.6764, 25, 30, 16, 27, 0.0225837, 0.117416, 0.231641, 0.603463, 6
114.016, 94.4673, 34, 38, 18, 34, 0.0284045, 0.193794, 0.895297, 0.927116, 20
114.028, 94.6291, 30, 36, 28, 28, 0.0937883, 0.193287, 0.660398, 0.722402, 7
114.029, 94.6436, 30, 36, 20, 31, 0.0426582, 0.246178, 0.472229, 0.70086, 8
114.018, 94.5109, 26, 37, 21, 34, 0.0767683, 0.202289, 0.893735, 0.762554, 19
114.031, 94.6673, 27, 33, 19, 25, 0.0740508, 0.11144, 0.175774, 0.461872, 5
114.03, 94.6509, 25, 33, 25, 28, 0.0267656, 0.207162, 0.329864, 0.499231, 7
114.029, 94.6509, 34, 39, 24, 30, 0.0282689, 0.118838, 0.44602, 0.114383, 8
114.03, 94.6564, 29, 37, 20, 34, 0.0379394, 0.199596, 0.225416, 0.701706, 6
114.03, 94.6527, 28, 36, 25, 34, 0.0168544, 0.245595, 0.536899, 0.675868, 8
113.913, 93.8782, 30, 30, 21, 28, 0.0620018, 0.147566, 0.898431, 0.0391288, 108
114.027, 94.6145, 27, 31, 21, 29, 0.0309742, 0.191255, 0.650155, 0.452158, 10
114.032, 94.6818, 26, 30, 21, 27, 0.0346227, 0.187736, 0.0258669, 0.28274, 5
114.032, 94.6782, 28, 39, 26, 33, 0.0420966, 0.146673, 0.193678, 0.412696, 7
114.026, 94.6164, 34, 38, 24, 32, 0.0401573, 0.134457, 0.725103, 0.445687, 13
114.025, 94.5909, 33, 36, 16, 30, 0.0554437, 0.10417, 0.652085, 0.590116, 11
114.031, 94.6727, 28, 36, 27, 30, 0.0845437, 0.236101, 0.225882, 0.010043, 7
114.03, 94.6582, 30, 34, 23, 34, 0.0172174, 0.226584, 0.490479, 0.594354, 8
114.023, 94.5764, 33, 33, 25, 34, 0.0914899, 0.208421, 0.778939, 0.509568, 14
114.031, 94.6655, 27, 31, 17, 34, 0.0295398, 0.247732, 0.0614856, 0.683495, 5
114.02, 94.5382, 29, 34, 20, 33, 0.00296843, 0.084118, 0.775157, 0.00734756, 19
114.025, 94.6055, 29, 38, 16, 26, 0.0257424, 0.212263, 0.794089, 0.747222, 12
114.022, 94.5509, 26, 37, 18, 30, 0.048656, 0.0840757, 0.797642, 0.85151, 14
114.016, 94.4564, 33, 38, 21, 30, 0.00369968, 0.201623, 0.921463, 0.955351, 19
114.013, 94.4418, 28, 33, 27, 31, 0.0783127, 0.205303, 0.95416, 0.599197, 27
114.025, 94.5909, 28, 37, 20, 28, 0.0756309, 0.24549, 0.610884, 0.281098, 11
114.03, 94.66, 31, 34, 18, 26, 0.0328725, 0.159877, 0.233699, 0.487116, 6
114.031, 94.6764, 30, 37, 24, 34, 0.0360642, 0.173654, 0.197719, 0.390447, 7
114.02, 94.5091, 29, 39, 16, 32, 0.0170448, 0.121718, 0.837375, 0.562573, 14
114.022, 94.5564, 27, 36, 16, 29, 0.0293908, 0.203455, 0.843163, 0.381658, 14
114.024, 94.5636, 28, 37, 18, 33, 0.0736578, 0.213544, 0.659932, 0.0284283, 12
114.031, 94.6727, 34, 35, 16, 31, 0.0473484, 0.0717316, 0.120152, 0.69624, 7
114.025, 94.5909, 27, 34, 20, 26, 0.0535795, 0.17393, 0.667654, 0.576481, 10
114.03, 94.66, 31, 33, 24, 25, 0.0737656, 0.237836, 0.281244, 0.967026, 7
114.031, 94.6691, 30, 34, 24, 30, 0.0811041, 0.0852347, 0.0747416, 0.824727, 5
114.03, 94.6564, 29, 33, 25, 25, 0.0630116, 0.212673, 0.397793, 0.578822, 6
114.024, 94.5836, 28, 35, 21, 25, 0.0297547, 0.0904723, 0.66603, 0.0538906, 11
114.031, 94.6673, 29, 33, 22, 33, 0.0152939, 0.0538197, 0.335668, 0.586521, 7
114.031, 94.6691, 25, 32, 20, 34, 0.087637, 0.172208, 0.107295, 0.370077, 6
114.031, 94.6655, 34, 37, 21, 34, 0.0390989, 0.151519, 0.0980055, 0.572538, 5
114.031, 94.6727, 31, 36, 26, 34, 0.0600255, 0.165716, 0.372886, 0.549267, 7
114.029, 94.6473, 34, 36, 17, 32, 0.0999632, 0.221816, 0.413997, 0.272422, 9
114.03, 94.6582, 27, 36, 17, 30, 0.0576866, 0.165409, 0.383875, 0.703202, 7
114.028, 94.6236, 25, 38, 21, 30, 0.0104184, 0.191662, 0.466023, 0.215197, 8
114.031, 94.6673, 26, 38, 27, 30, 0.0527023, 0.0931747, 0.0273857, 0.685639, 5
114.03, 94.6582, 33, 37, 21, 28, 0.0606181, 0.064398, 0.346914, 0.209807, 7
122.404, 102.878, 30, 34, 29, 34, 0.0402643, 0.189003, 0.975172, 0.208465, 48
114.032, 94.6818, 28, 37, 20, 25, 0.0228463, 0.0849135, 0.0207733, 0.898119, 5
114.028, 94.6309, 25, 31, 25, 29, 0.0357064, 0.138133, 0.496971, 0.0895814, 8
114.016, 94.4818, 29, 34, 19, 26, 0.0407845, 0.108953, 0.950593, 0.509652, 21
114.031, 94.6673, 27, 33, 17, 26, 0.0159316, 0.12689, 0.388335, 0.908423, 5
114.027, 94.62, 27, 31, 28, 31, 0.00363696, 0.0859338, 0.589318, 0.0357747, 10
114.031, 94.6764, 30, 37, 25, 34, 0.058595, 0.0637215, 0.261643, 0.304495, 7
114.03, 94.6564, 27, 31, 28, 34, 0.0200133, 0.156576, 0.485328, 0.806563, 8
114.024, 94.5891, 29, 32, 26, 33, 0.03487, 0.136288, 0.756834, 0.0857699, 16
114.031, 94.6691, 33, 37, 26, 30, 0.0647778, 0.243364, 0.414944, 0.957776, 7
114.017, 94.4982, 26, 36, 22, 25, 0.0820365, 0.164855, 0.948282, 0.858387, 20
114.03, 94.6527, 33, 34, 17, 34, 0.0642171, 0.0970257, 0.260408, 0.821067, 6
114.031, 94.6782, 25, 39, 23, 26, 0.0941513, 0.100562, 0.031244, 0.0840594, 5
114.03, 94.6509, 32, 35, 23, 30, 0.0315127, 0.233965, 0.297425, 0.445278, 6
114.019, 94.5, 32, 34, 24, 27, 0.0109192, 0.0628956, 0.806776, 0.250005, 15
114.028, 94.6327, 32, 34, 16, 31, 0.054006, 0.130204, 0.524895, 0.615494, 8
114.018, 94.4982, 25, 31, 26, 29, 0.0252183, 0.171239, 0.865163, 0.797736, 17
114.027, 94.6145, 25, 32, 20, 30, 0.0838848, 0.217071, 0.434258, 0.292056, 9
114.031, 94.6673, 30, 31, 22, 30, 0.076853, 0.129878, 0.0690102, 0.764662, 5
114.027, 94.6327, 32, 37, 24, 33, 0.0985193, 0.193428, 0.808721, 0.959608, 14
114.02, 94.5473, 31, 33, 18, 25, 0.0177396, 0.108549, 0.941383, 0.329305, 38
114.03, 94.6509, 26, 31, 22, 31, 0.0828131, 0.121506, 0.337676, 0.446902, 7
114.03, 94.6491, 25, 35, 21, 26, 0.0219913, 0.0669639, 0.137895, 0.188465, 6
114.029, 94.6473, 25, 34, 27, 28, 0.0287119, 0.188395, 0.161056, 0.198849, 7
114.03, 94.6564, 25, 31, 17, 29, 0.0548225, 0.0722466, 0.574264, 0.657273, 7
114.029, 94.6527, 31, 38, 19, 32, 0.00249658, 0.0589713, 0.439004, 0.530965, 7
113.941, 93.7545, 27, 33, 28, 28, 0.0243904, 0.16436, 0.98183, 0.691701, 82
114.028, 94.6327, 31, 32, 20, 26, 0.00784655, 0.0744671, 0.49606, 0.812494, 8
114.03, 94.6618, 34, 34, 29, 31, 0.0802466, 0.211163, 0.215004, 0.596454, 7
114.03, 94.6564, 29, 37, 27, 28, 0.0944906, 0.207851, 0.154066, 0.224912, 6
114.032, 94.6818, 25, 36, 19, 28, 0.0558866, 0.11887, 0.0106648, 0.449364, 5
114.017, 94.4709, 26, 32, 17, 27, 0.0884391, 0.0993423, 0.861776, 0.60399, 18
114.024, 94.5782, 28, 30, 21, 29, 0.0575576, 0.104682, 0.706273, 0.464357, 12
114.021, 94.5509, 26, 39, 25, 32, 0.0214449, 0.0708549, 0.738558, 0.0923524, 15
114.029, 94.6364, 34, 39, 16, 28, 0.0328332, 0.213416, 0.438308, 0.310109, 8
114.02, 94.5309, 31, 36, 27, 27, 0.0013698, 0.244834, 0.862967, 0.52205, 18
114.029, 94.6491, 26, 37, 27, 31, 0.0482973, 0.115759, 0.476945, 0.159366, 9
114.03, 94.6527, 30, 30, 18, 26, 0.00588576, 0.160463, 0.351504, 0.346302, 6
114.028, 94.6382, 30, 31, 27, 29, 0.0380368, 0.191231, 0.466963, 0.351762, 9
114.027, 94.6182, 27, 31, 27, 29, 0.0179407, 0.102378, 0.604766, 0.467977, 11
114.031, 94.6655, 28, 30, 19, 27, 0.0187375, 0.245753, 0.25687, 0.962844, 7
114.031, 94.6691, 31, 32, 21, 33, 0.0478591, 0.0603369, 0.345589, 0.738061, 7
114.031, 94.6709, 26, 34, 26, 34, 0.076753, 0.156776, 0.202925, 0.242857, 7
114.028, 94.6327, 25, 36, 22, 27, 0.0667012, 0.0994509, 0.528911, 0.483801, 9
114.024, 94.5709, 29, 39, 19, 28, 0.0220115, 0.169641, 0.706873, 0.113867, 11
114.029, 94.6473, 25, 31, 20, 25, 0.0436283, 0.167931, 0.478477, 0.776965, 8
122.633, 103.149, 30, 39, 27, 34, 0.0506888, 0.0948667, 0.981671, 0.197993, 49
125.614, 105.625, 28, 32, 20, 33, 0.0872187, 0.139453, 0.934991, 0.0782605, 96
114.03, 94.6618, 30, 34, 29, 32, 0.0953551, 0.138252, 0.573609, 0.914792, 9
114.03, 94.66, 29, 32, 16, 28, 0.00651165, 0.075285, 0.248209, 0.344916, 6
114.029, 94.6509, 29, 33, 24, 29, 0.0857072, 0.104158, 0.40372, 0.176449, 8
114.031, 94.6709, 32, 36, 29, 34, 0.0703369, 0.112022, 0.507031, 0.151837, 8
114.031, 94.6673, 28, 36, 18, 34, 0.0146566, 0.180388, 0.0119042, 0.643436, 5
114.03, 94.6564, 33, 37, 18, 34, 0.0256689, 0.242829, 0.237909, 0.593313, 7
114.02, 94.5364, 25, 37, 21, 31, 0.0623985, 0.0875591, 0.834898, 0.523233, 14
114.03, 94.6582, 29, 36, 22, 25, 0.0394199, 0.0649211, 0.240792, 0.885403, 7
114.026, 94.6164, 31, 39, 22, 32, 0.0759884, 0.160533, 0.642861, 0.886224, 11
114.027, 94.6255, 25, 31, 16, 28, 0.0166203, 0.118824, 0.69151, 0.0455593, 12
114.021, 94.5327, 28, 37, 26, 27, 0.00183724, 0.181529, 0.695001, 0.00582081, 14
114.022, 94.5473, 27, 39, 16, 30, 0.0209597, 0.155814, 0.681449, 0.126036, 12
114.024, 94.58, 27, 33, 28, 34, 0.0177106, 0.202401, 0.690555, 0.118499, 13
114.031, 94.6727, 34, 35, 28, 33, 0.0045177, 0.132124, 0.451001, 0.829162, 8
114.017, 94.4945, 30, 36, 22, 31, 0.0979252, 0.196913, 0.919866, 0.391022, 25
114.018, 94.4982, 25, 33, 18, 31, 0.0815757, 0.159085, 0.720263, 0.0620981, 15
114.031, 94.6655, 32, 34, 26, 33, 0.0885834, 0.118418, 0.0784558, 0.527996, 5
114.024, 94.5655, 34, 35, 18, 31, 0.0740916, 0.187044, 0.734077, 0.884918, 12
114.031, 94.6727, 32, 33, 28, 33, 0.0394264, 0.244126, 0.400621, 0.890297, 7
114.031, 94.6655, 26, 38, 29, 31, 0.0827787, 0.187114, 0.061317, 0.326463, 5
114.029, 94.6473, 33, 34, 22, 34, 0.0195139, 0.0872864, 0.533157, 0.646426, 9
114.03, 94.66, 33, 36, 18, 28, 0.0306741, 0.113145, 0.229861, 0.0232308, 6
114.026, 94.6091, 30, 33, 22, 33, 0.096664, 0.166901, 0.729717, 0.80697, 13
114.03, 94.66, 33, 35, 28, 32, 0.0832378, 0.242383, 0.472611, 0.140595, 9
114.025, 94.6127, 28, 31, 16, 27, 0.000129307, 0.241933, 0.969923, 0.619415, 15
114.031, 94.6764, 30, 32, 16, 31, 0.0637293, 0.0645541, 0.0414236, 0.569631, 5
114.026, 94.6091, 27, 39, 16, 28, 0.0624067, 0.0914756, 0.668487, 0.333002, 10
114.028, 94.6418, 27, 37, 28, 31, 0.0722989, 0.112132, 0.575541, 0.206956, 10
114.014, 94.4309, 30, 32, 25, 26, 0.05972, 0.169083, 0.949858, 0.883438, 21
114.03, 94.66, 28, 32, 19, 28, 0.0775857, 0.186752, 0.292984, 0.0927346, 6
114.03, 94.66, 29, 36, 24, 31, 0.00188253, 0.236563, 0.315157, 0.132525, 6
114.031, 94.6673, 31, 34, 20, 34, 0.0730149, 0.1557, 0.0209721, 0.631228, 5
114.03, 94.6582, 32, 35, 24, 30, 0.0102315, 0.177454, 0.187726, 0.635359, 6
114.031, 94.6673, 27, 37, 17, 26, 0.021855, 0.0961569, 0.386054, 0.624373, 5
114.03, 94.66, 30, 34, 23, 29, 0.0390556, 0.0630207, 0.318452, 0.78875, 7
114.017, 94.4727, 34, 36, 24, 27, 0.0665815, 0.159568, 0.850227, 0.556964, 18
114.032, 94.6818, 25, 35, 17, 25, 0.0186527, 0.165941, 0.0160638, 0.931867, 4
114.031, 94.6709, 34, 35, 27, 30, 0.0347336, 0.0700735, 0.106499, 0.180396, 6
92.3664, 69.7473, 30, 30, 19, 26, 0.0148535, 0.178091, 0.984965, 0.114402, 550
114.031, 94.6745, 31, 37, 24, 33, 0.0775224, 0.0953469, 0.456791, 0.502574, 8
114.024, 94.5673, 30, 35, 20, 28, 0.000667081, 0.141739, 0.77322, 0.999886, 11
114.029, 94.6455, 30, 35, 24, 30, 0.0981796, 0.189388, 0.458705, 0.243132, 9
114.031, 94.6727, 28, 33, 23, 26, 0.00188285, 0.232517, 0.159684, 0.882599, 6
114.03, 94.66, 27, 31, 21, 32, 0.0925545, 0.246416, 0.211312, 0.510805, 7
114.021, 94.5509, 29, 31, 25, 34, 0.0764824, 0.129838, 0.7934, 0.342103, 17
114.031, 94.6655, 27, 36, 23, 34, 0.0913421, 0.149771, 0.00477848, 0.20888, 5
114.03, 94.6491, 26, 31, 20, 26, 0.0251018, 0.237213, 0.219049, 0.601121, 6
114.031, 94.6709, 34, 36, 25, 30, 0.027865, 0.0743887, 0.135806, 0.880716, 6
114.031, 94.6655, 32, 39, 25, 34, 0.0584419, 0.117728, 0.0983163, 0.242443, 6
114.026, 94.6036, 29, 36, 21, 25, 0.072071, 0.176089, 0.678343, 0.824383, 10
114.03, 94.66, 29, 37, 20, 30, 0.0381423, 0.203492, 0.17513, 0.443609, 6
114.021, 94.5327, 33, 38, 21, 27, 0.0486406, 0.0944202, 0.73393, 0.115418, 14
114.03, 94.6618, 26, 38, 22, 29, 0.0844024, 0.237022, 0.300465, 0.229282, 6
114.03, 94.6618, 25, 30, 20, 32, 0.035672, 0.153687, 0.335787, 0.540473, 7
114.031, 94.6764, 29, 31, 17, 29, 0.0385935, 0.0792219, 0.0168227, 0.219203, 5
114.029, 94.6345, 27, 38, 19, 31, 0.0155736, 0.197737, 0.573679, 0.646729, 8
114.028, 94.6418, 33, 39, 22, 32, 0.0254573, 0.115797, 0.49409, 0.276586, 9
114.03, 94.6564, 28, 36, 23, 30, 0.0182088, 0.214746, 0.41202, 0.499822, 7
114.031, 94.6709, 31, 39, 23, 34, 0.0300893, 0.156038, 0.109816, 0.272034, 6
113.982, 94.3, 33, 39, 16, 26, 0.0398451, 0.242663, 0.929944, 0.163488, 85
114.025, 94.5909, 26, 38, 22, 30, 0.070345, 0.199738, 0.640141, 0.670591, 11
114.025, 94.5673, 26, 30, 28, 33, 0.085906, 0.10588, 0.888285, 0.317566, 24
114.017, 94.4727, 32, 39, 18, 30, 0.0879967, 0.171665, 0.836089, 0.259685, 17
114.032, 94.6764, 34, 38, 26, 31, 0.0665332, 0.0673402, 0.125311, 0.0519011, 7
114.029, 94.6473, 31, 36, 18, 30, 0.0775524, 0.125131, 0.412478, 0.243769, 7
114.03, 94.66, 31, 37, 23, 27, 0.0839027, 0.163274, 0.345114, 0.384332, 7
125.541, 105.736, 25, 30, 27, 34, 0.0228383, 0.102602, 0.925305, 0.0347676, 82
114.026, 94.5945, 32, 35, 19, 29, 0.0941804, 0.189234, 0.642858, 0.540018, 9
114.031, 94.6691, 29, 30, 16, 25, 0.00205548, 0.215927, 0.382834, 0.133652, 6
114.031, 94.6764, 29, 30, 16, 30, 0.0937631, 0.101754, 0.0209722, 0.454815, 5
114.029, 94.6364, 33, 36, 16, 29, 0.0620982, 0.0949785, 0.521339, 0.894614, 8
114.031, 94.6691, 31, 36, 20, 34, 0.0292496, 0.221997, 0.210414, 0.0222625, 7
114.031, 94.6655, 30, 37, 20, 31, 0.0850256, 0.200321, 0.00323001, 0.417873, 5
114.031, 94.6655, 25, 39, 21, 33, 0.0980941, 0.0986453, 0.286316, 0.788372, 7
114.03, 94.6582, 31, 33, 21, 28, 0.0466902, 0.125524, 0.406629, 0.808682, 7
114.028, 94.6309, 30, 34, 20, 30, 0.0722524, 0.0742474, 0.53449, 0.347521, 8
114.03, 94.6618, 27, 38, 26, 27, 0.0652918, 0.144209, 0.331674, 0.152868, 6
114.03, 94.66, 30, 37, 19, 30, 0.0114509, 0.220404, 0.362013, 0.430617, 7
114.031, 94.6745, 33, 36, 29, 34, 0.0595441, 0.0755501, 0.607174, 0.164862, 11
114.016, 94.4545, 30, 35, 23, 27, 0.0794663, 0.161254, 0.921653, 0.930712, 18
113.524, 92.6873, 25, 39, 20, 33, 0.0829271, 0.11198, 0.96014, 0.436143, 166
114.025, 94.5909, 26, 36, 22, 30, 0.0471844, 0.202722, 0.644633, 0.176812, 11
128.54, 108.1, 27, 37, 26, 30, 0.0879468, 0.243431, 0.989265, 0.493729, 78
114.032, 94.6764, 33, 37, 25, 32, 0.057888, 0.129599, 0.411011, 0.648446, 7
114.022, 94.5491, 25, 39, 21, 28, 0.00021709, 0.0787022, 0.809012, 0.741301, 14
114.028, 94.6364, 32, 38, 28, 31, 0.0640874, 0.230666, 0.864003, 0.992989, 16
114.014, 94.4473, 26, 32, 16, 34, 0.0208593, 0.181014, 0.8906, 0.420025, 23
114.031, 94.6709, 32, 34, 24, 32, 0.00831102, 0.144203, 0.138466, 0.484271, 7
114.03, 94.6582, 27, 33, 19, 32, 0.0232139, 0.219959, 0.192731, 0.122031, 6
122.66, 103.404, 31, 35, 24, 29, 0.0847051, 0.0902486, 0.991007, 0.473759, 66
114.03, 94.6545, 26, 36, 24, 25, 0.089669, 0.192829, 0.444579, 0.498714, 7
114.03, 94.6582, 26, 37, 18, 31, 0.0325853, 0.216331, 0.272627, 0.91076, 7
114.028, 94.6345, 27, 37, 27, 31, 0.0820893, 0.205398, 0.623262, 0.913363, 10
114.013, 94.4109, 29, 36, 21, 29, 0.00658185, 0.0945223, 0.952663, 0.854596, 22
114.031, 94.6709, 26, 33, 26, 34, 0.0333596, 0.0732386, 0.354665, 0.900769, 7
114.03, 94.6618, 27, 39, 22, 27, 0.0487969, 0.0683247, 0.150351, 0.112713, 6
114.029, 94.6509, 27, 34, 28, 29, 0.0663633, 0.159929, 0.604689, 0.829822, 9
114.029, 94.6491, 28, 31, 16, 34, 0.0140214, 0.0677148, 0.4386, 0.406276, 7
114.025, 94.6018, 29, 30, 25, 26, 0.0538764, 0.240007, 0.659407, 0.228889, 11
114.031, 94.6655, 29, 31, 26, 28, 0.0112461, 0.111947, 0.000797456, 0.149356, 5
114.029, 94.6473, 25, 31, 18, 33, 0.0133621, 0.203441, 0.371749, 0.677766, 7
114.031, 94.6673, 28, 37, 24, 33, 0.0841558, 0.0879074, 0.0968204, 0.777197, 5
114.03, 94.66, 30, 34, 24, 28, 0.0224736, 0.244885, 0.422899, 0.668358, 7
129.686, 108.675, 25, 33, 18, 25, 0.0463201, 0.197553, 0.946266, 0.035153, 96
114.03, 94.6527, 34, 35, 18, 33, 0.0844967, 0.106027, 0.278757, 0.703473, 6
114.027, 94.6218, 26, 31, 24, 29, 0.00679566, 0.104714, 0.526046, 0.91435, 9
114.028, 94.6291, 29, 36, 24, 25, 0.0843828, 0.155274, 0.629538, 0.993634, 8
114.028, 94.64, 26, 34, 18, 26, 0.0570361, 0.107861, 0.479084, 0.850722, 8
114.031, 94.6618, 33, 37, 27, 30, 0.0477586, 0.22072, 0.369962, 0.467236, 6
114.029, 94.6418, 32, 34, 17, 25, 0.00659559, 0.177953, 0.659111, 0.52336, 9
114.03, 94.6618, 29, 31, 16, 29, 0.0822785, 0.226586, 0.362983, 0.357028, 6
126.018, 105.558, 29, 31, 26, 29, 0.00814033, 0.137938, 0.979271, 0.24559, 62
114.011, 94.3964, 29, 35, 22, 30, 0.0710617, 0.246084, 0.93487, 0.706579, 23
114.032, 94.6764, 34, 37, 25, 32, 0.0367326, 0.170773, 0.349116, 0.530015, 7
114.018, 94.4764, 28, 39, 24, 27, 0.0352109, 0.226254, 0.90826, 0.904723, 17
114.029, 94.6418, 31, 34, 26, 34, 0.0911086, 0.225054, 0.818098, 0.817857, 15
114.026, 94.6091, 26, 35, 23, 26, 0.0643459, 0.241524, 0.643533, 0.343752, 11
114.028, 94.6327, 29, 34, 20, 28, 0.0190372, 0.117332, 0.543956, 0.701154, 8
114.03, 94.6582, 32, 39, 20, 27, 0.0706287, 0.0818023, 0.240939, 0.638507, 7
114.03, 94.6527, 27, 32, 21, 32, 0.0309212, 0.192217, 0.385132, 0.0810783, 8
114.031, 94.6745, 25, 39, 29, 30, 0.0306825, 0.187058, 0.134514, 0.335839, 7
114.025, 94.5945, 29, 39, 26, 26, 0.0248625, 0.226294, 0.720086, 0.103016, 11
114.029, 94.6364, 28, 36, 17, 27, 0.0917039, 0.219531, 0.510742, 0.739912, 8
114.03, 94.6491, 27, 37, 25, 33, 0.0271467, 0.14803, 0.602739, 0.637931, 9
114.031, 94.6636, 29, 31, 26, 29, 0.057327, 0.236053, 0.206911, 0.861224, 7
114.031, 94.6673, 26, 37, 24, 32, 0.0422227, 0.122499, 0.270255, 0.0124844, 7
114.027, 94.6273, 29, 34, 17, 25, 0.01955, 0.203075, 0.821128, 0.497942, 12
114.031, 94.6655, 28, 34, 24, 31, 0.0817589, 0.150746, 0.0447925, 0.419117, 5
114.029, 94.6509, 30, 30, 23, 33, 0.0288871, 0.162383, 0.340458, 0.384774, 6
114.031, 94.6745, 32, 33, 26, 34, 0.0282889, 0.241423, 0.44018, 0.700168, 8
114.029, 94.6509, 26, 35, 28, 28, 0.0662607, 0.0780698, 0.404911, 0.74227, 6
114.031, 94.6691, 33, 35, 28, 29, 0.0154214, 0.117033, 0.176181, 0.244119, 7
114.03, 94.6582, 28, 36, 16, 30, 0.0935772, 0.221629, 0.322422, 0.844305, 7
114.015, 94.44, 30, 36, 17, 32, 0.0462445, 0.110505, 0.945225, 0.896061, 21
114.015, 94.48, 26, 33, 19, 27, 0.0595701, 0.209192, 0.923757, 0.2663, 23
114.028, 94.6382, 26, 39, 16, 26, 0.0144465, 0.234807, 0.66358, 0.959202, 8
114.03, 94.6545, 28, 38, 19, 25, 0.096313, 0.238413, 0.500706, 0.605822, 8
114.01, 94.4, 25, 36, 26, 26, 0.021148, 0.145052, 0.94879, 0.573162, 26
114.03, 94.66, 29, 36, 23, 29, 0.0787819, 0.200054, 0.333722, 0.00103338, 7
114.025, 94.6, 29, 31, 28, 34, 0.0623812, 0.180745, 0.735835, 0.674596, 11
114.031, 94.6782, 31, 38, 17, 28, 0.0903763, 0.128627, 0.0863292, 0.295235, 6
114.032, 94.6836, 25, 30, 22, 27, 0.0710837, 0.185791, 0.0124716, 0.128819, 5
114.029, 94.6527, 34, 38, 22, 29, 0.0923041, 0.236002, 0.480945, 0.970251, 8
114.026, 94.6109, 26, 36, 17, 27, 0.0700236, 0.246985, 0.623542, 0.378754, 11
114.032, 94.6764, 31, 37, 26, 31, 0.00578974, 0.131653, 0.385135, 0.896017, 7
114.03, 94.66, 27, 30, 18, 31, 0.0617061, 0.169956, 0.45536, 0.96734, 6
114.014, 94.4145, 27, 36, 17, 29, 0.00187174, 0.15228, 0.942198, 0.865707, 20
114.026, 94.6091, 27, 38, 16, 28, 0.0357492, 0.134168, 0.644645, 0.71564, 10
114.014, 94.4164, 28, 37, 19, 33, 0.0841511, 0.231852, 0.898953, 0.976046, 20
114.03, 94.6564, 26, 38, 29, 32, 0.0904698, 0.103395, 0.436688, 0.114618, 8
114.019, 94.52, 31, 32, 19, 26, 0.0664693, 0.103877, 0.891317, 0.386799, 17
114.031, 94.6673, 30, 39, 23, 31, 0.0779201, 0.198444, 0.151056, 0.628168, 6
114.029, 94.6455, 31, 34, 27, 28, 0.0892135, 0.184175, 0.477648, 0.23437, 9
114.031, 94.6673, 28, 37, 22, 32, 0.0770924, 0.135546, 0.220747, 0.863559, 7
114.031, 94.6673, 33, 38, 28, 30, 0.0522862, 0.0701367, 0.0114577, 0.949901, 5
114.017, 94.4836, 26, 36, 20, 29, 0.0948156, 0.206899, 0.837449, 0.412815, 17
114.026, 94.6182, 30, 36, 26, 29, 0.0377752, 0.09071, 0.615032, 0.333315, 11
114.031, 94.6636, 30, 36, 24, 34, 0.0697487, 0.240526, 0.60925, 0.971453, 9
114.026, 94.6091, 25, 35, 25, 25, 0.0471377, 0.215049, 0.700807, 0.141704, 10
114.03, 94.6582, 25, 35, 28, 34, 0.0557968, 0.173341, 0.191095, 0.341863, 7
114.031, 94.6673, 34, 39, 26, 30, 0.000186935, 0.142289, 0.0801982, 0.481137, 5
114.03, 94.6527, 29, 39, 17, 34, 0.083753, 0.137791, 0.350288, 0.49974, 6
114.028, 94.6345, 29, 31, 16, 27, 0.00216491, 0.121551, 0.75308, 0.861977, 11
114.031, 94.6673, 26, 36, 24, 31, 0.0649994, 0.180458, 0.368532, 0.605779, 7
114.029, 94.6509, 28, 38, 25, 29, 0.00908029, 0.18109, 0.458243, 0.561559, 8
101.112, 82.3382, 34, 36, 17, 28, 0.037114, 0.151998, 0.934174, 0.0811192, 550
114.021, 94.5236, 32, 34, 18, 31, 0.00330415, 0.105778, 0.842751, 0.916868, 14
114.028, 94.6327, 25, 37, 23, 33, 0.0388682, 0.192462, 0.507081, 0.240158, 9
114.01, 94.3745, 28, 31, 21, 31, 0.00214061, 0.0870983, 0.911561, 0.367129, 39
114.011, 94.3618, 30, 31, 19, 32, 0.0503187, 0.0843564, 0.904536, 0.289743, 23
114.03, 94.6582, 27, 32, 18, 30, 0.0742223, 0.195997, 0.384811, 0.468815, 6
114.029, 94.6473, 28, 37, 28, 33, 0.0224823, 0.0606234, 0.509424, 0.98584, 8
114.021, 94.5418, 25, 32, 20, 27, 0.00722945, 0.220168, 0.700125, 0.261822, 13
114.031, 94.6782, 30, 35, 18, 27, 0.0257162, 0.190466, 0.145395, 0.961665, 6
114.03, 94.6618, 27, 39, 21, 30, 0.0894782, 0.212127, 0.226318, 0.559721, 6
114.008, 94.34, 26, 34, 22, 34, 0.0795275, 0.214519, 0.956677, 0.497232, 37
114.028, 94.6327, 32, 35, 17, 29, 0.0055341, 0.174052, 0.532209, 0.222109, 8
114.021, 94.56, 29, 30, 26, 32, 0.00510965, 0.230835, 0.8312, 0.791274, 16
114.025, 94.6091, 31, 38, 23, 32, 0.0647684, 0.243818, 0.752289, 0.17184, 15
114.029, 94.6509, 30, 30, 25, 29, 0.0848884, 0.170201, 0.299324, 0.680075, 6
114.031, 94.6709, 32, 39, 23, 31, 0.0252308, 0.230622, 0.163978, 0.877241, 6
114.03, 94.66, 33, 38, 25, 33, 0.0832406, 0.151927, 0.581132, 0.81207, 9
114.029, 94.6455, 30, 38, 22, 29, 0.0145128, 0.240742, 0.521278, 0.751113, 9
114.028, 94.6364, 25, 31, 16, 34, 0.0364449, 0.152219, 0.482182, 0.54699, 8
114.028, 94.6236, 27, 31, 26, 29, 0.0907456, 0.141621, 0.650976, 0.19984, 9
114.028, 94.6345, 33, 34, 24, 29, 0.034853, 0.151707, 0.490611, 0.378607, 8
114.019, 94.5273, 32, 32, 19, 32, 0.0748009, 0.0843351, 0.841386, 0.589733, 17
114.032, 94.6855, 26, 32, 19, 26, 0.00414575, 0.115766, 0.0667331, 0.863601, 5
114.031, 94.6655, 33, 36, 17, 34, 0.00493993, 0.102586, 0.0686654, 0.996418, 5
114.016, 94.4745, 30, 36, 21, 25, 0.0197728, 0.0794464, 0.967006, 0.786684, 20
114.03, 94.6564, 27, 33, 24, 31, 0.0753477, 0.0912204, 0.454579, 0.629534, 7
114.023, 94.5873, 30, 36, 24, 33, 0.0353672, 0.0639693, 0.878785, 0.877202, 19
114.018, 94.4855, 26, 36, 16, 33, 0.0127462, 0.183273, 0.853364, 0.488446, 17
114.022, 94.5582, 25, 38, 19, 34, 0.0976551, 0.155297, 0.789636, 0.82623, 15
114.019, 94.5073, 34, 36, 22, 26, 0.00684654, 0.193542, 0.869483, 0.747553, 16
114.023, 94.5691, 27, 38, 22, 28, 0.000996648, 0.12069, 0.739798, 0.801526, 13
114.019, 94.5145, 26, 36, 17, 31, 0.0610041, 0.236796, 0.809304, 0.210883, 17
114.03, 94.6091, 31, 32, 24, 34, 0.0110832, 0.0550397, 0.933465, 0.482448, 27
114.029, 94.64, 29, 39, 27, 28, 0.00300246, 0.194892, 0.586859, 0.715786, 9
114.026, 94.5945, 30, 38, 17, 32, 0.00850791, 0.221719, 0.623055, 0.400095, 9
114.031, 94.6764, 33, 39, 16, 30, 0.0218747, 0.0623284, 0.0405971, 0.162176, 5
114.03, 94.6618, 28, 32, 28, 29, 0.0939398, 0.145533, 0.486263, 0.917259, 8
114.023, 94.5636, 30, 37, 24, 27, 0.0221347, 0.164934, 0.766916, 0.653123, 12
114.025, 94.6055, 27, 38, 28, 32, 0.0577942, 0.142608, 0.81002, 0.421159, 16
114.03, 94.6582, 30, 33, 22, 31, 0.0845508, 0.15785, 0.399046, 0.254166, 7
114.031, 94.6673, 29, 33, 21, 34, 0.000678055, 0.163746, 0.267655, 0.248049, 7
114.031, 94.6673, 26, 36, 22, 33, 0.0484566, 0.195526, 0.357054, 0.480865, 7
114.017, 94.4764, 33, 38, 18, 28, 0.0999022, 0.140277, 0.922664, 0.703759, 17
114.03, 94.6564, 27, 35, 24, 28, 0.00770066, 0.199672, 0.329587, 0.331443, 7
114.02, 94.5127, 32, 37, 21, 30, 0.00417472, 0.168101, 0.765799, 0.0939377, 17
114.031, 94.6673, 30, 30, 18, 25, 0.0857015, 0.143848, 0.344436, 0.542251, 5
114.029, 94.6473, 25, 38, 19, 28, 0.097867, 0.204654, 0.534872, 0.106564, 7
114.031, 94.6764, 29, 36, 21, 26, 0.0539685, 0.0638863, 0.00405646, 0.346388, 5
114.03, 94.6491, 25, 31, 23, 34, 0.0536512, 0.184961, 0.262945, 0.51453, 7
114.03, 94.6509, 32, 33, 22, 30, 0.0894389, 0.232666, 0.228816, 0.153933, 6
114.032, 94.6818, 27, 39, 21, 25, 0.0700062, 0.240009, 0.040008, 0.661146, 5
114.031, 94.6673, 30, 37, 26, 27, 0.00230009, 0.189198, 0.142771, 0.563433, 6
114.032, 94.6764, 32, 35, 26, 31, 0.0285522, 0.0601609, 0.183183, 0.0335893, 7
114.03, 94.6491, 25, 31, 24, 29, 0.0905978, 0.196568, 0.393774, 0.0712963, 6
114.028, 94.6327, 26, 38, 18, 34, 0.0127494, 0.242797, 0.549045, 0.919752, 9
114.03, 94.6582, 26, 36, 20, 26, 0.00288418, 0.135742, 0.20372, 0.820385, 7
114.03, 94.6618, 29, 32, 20, 29, 0.0378485, 0.092577, 0.225589, 0.805648, 6
114.031, 94.6655, 31, 36, 19, 32, 0.090603, 0.212137, 0.010693, 0.0350859, 5
114.032, 94.6818, 29, 39, 19, 28, 0.0297585, 0.11122, 0.0489931, 0.864009, 5
114.03, 94.6582, 33, 35, 16, 30, 0.0717475, 0.194177, 0.412629, 0.573637, 7
114.017, 94.4782, 26, 33, 17, 30, 0.0978464, 0.218115, 0.846824, 0.204214, 18
124.68, 105.844, 30, 31, 20, 33, 0.0398781, 0.0901467, 0.959781, 0.295429, 111
114.034, 94.6618, 32, 38, 23, 34, 0.0350162, 0.0870611, 0.930166, 0.369433, 27
114.031, 94.6709, 26, 34, 26, 34, 0.0282057, 0.0879837, 0.354675, 0.342197, 7
114.028, 94.6418, 31, 33, 25, 33, 0.0565128, 0.207381, 0.771846, 0.992875, 13
114.026, 94.6091, 25, 37, 21, 32, 0.0488057, 0.196974, 0.617359, 0.432364, 11
114.027, 94.6273, 33, 33, 17, 27, 0.0603031, 0.228088, 0.756287, 0.255542, 10
114.023, 94.58, 29, 35, 27, 28, 0.0659673, 0.115188, 0.763407, 0.359412, 14
113.954, 94.0491, 29, 35, 16, 34, 0.0295132, 0.0812865, 0.987324, 0.721457, 93
114.03, 94.6582, 33, 37, 21, 26, 0.0392674, 0.220799, 0.340532, 0.506433, 7
114.031, 94.6673, 33, 38, 27, 31, 0.00728188, 0.230719, 0.014441, 0.37535, 5
114.028, 94.6255, 34, 36, 24, 27, 0.051246, 0.208318, 0.586532, 0.965994, 9
114.03, 94.6655, 33, 39, 23, 33, 0.000511128, 0.106944, 0.408183, 0.435139, 7
114.03, 94.6564, 25, 30, 18, 33, 0.0272759, 0.10824, 0.359967, 0.776145, 7
114.03, 94.6582, 31, 34, 17, 29, 0.0857655, 0.187099, 0.135568, 0.343469, 7
114.026, 94.6236, 29, 37, 28, 31, 0.0260635, 0.0849324, 0.725624, 0.0686602, 16
114.027, 94.6182, 28, 32, 27, 28, 0.0495384, 0.0847734, 0.568077, 0.167604, 10
114.026, 94.6091, 31, 33, 27, 29, 0.0990657, 0.204826, 0.685432, 0.257246, 13
123.286, 103.936, 26, 39, 22, 32, 0.0403431, 0.12276, 0.996255, 0.362366, 64
114.023, 94.5564, 31, 39, 17, 32, 0.0972721, 0.110947, 0.734697, 0.316497, 12
114.031, 94.6655, 34, 35, 26, 31, 0.0677362, 0.230009, 0.0601588, 0.0443103, 6
114.029, 94.6418, 26, 33, 22, 26, 0.0315195, 0.211402, 0.521341, 0.559561, 8
114.022, 94.5618, 29, 30, 23, 34, 0.0990388, 0.161778, 0.734622, 0.16391, 15
114.023, 94.5727, 26, 36, 24, 25, 0.056622, 0.224761, 0.781823, 0.865382, 12
114.031, 94.6655, 26, 34, 24, 30, 0.00450677, 0.186954, 0.353137, 0.990496, 7
114.023, 94.5691, 27, 34, 22, 28, 0.0658581, 0.183556, 0.714907, 0.621453, 13
114.016, 94.48, 27, 32, 21, 25, 0.0617716, 0.119591, 0.884585, 0.166123, 19
108.391, 77.68, 27, 38, 18, 25, 0.0330336, 0.0717644, 0.993584, 0.091102, 442
113.986, 94.1109, 30, 31, 21, 27, 0.0134725, 0.175402, 0.952496, 0.398178, 74
114.013, 94.3964, 30, 36, 16, 33, 0.0318677, 0.215882, 0.957508, 0.970976, 22
113.773, 93.8473, 29, 39, 28, 31, 0.0760275, 0.0892968, 0.98531, 0.814763, 137
114.028, 94.6327, 26, 38, 25, 27, 0.0396871, 0.0906816, 0.561591, 0.277978, 9
114.021, 94.5236, 28, 34, 18, 29, 0.0426827, 0.246259, 0.731831, 0.202051, 13
114.032, 94.6873, 25, 30, 21, 25, 0.0550631, 0.168367, 0.0265337, 0.841134, 5
114.031, 94.6764, 29, 38, 20, 26, 0.0684077, 0.175655, 0.0539229, 0.670056, 5
122.901, 103.251, 26, 39, 21, 29, 0.0558519, 0.100318, 0.984898, 0.0972744, 68
113.714, 93.1255, 28, 38, 19, 31, 0.0185702, 0.190913, 0.959592, 0.379605, 158
114.031, 94.6655, 29, 37, 27, 34, 0.0914792, 0.154665, 0.107593, 0.818795, 5
114.026, 94.6073, 29, 37, 26, 28, 0.0608562, 0.17774, 0.640491, 0.748473, 11
114.031, 94.6636, 26, 39, 19, 34, 0.0744395, 0.0782741, 0.0259158, 0.541109, 5
114.03, 94.6509, 32, 36, 23, 29, 0.0673234, 0.162711, 0.286839, 0.638437, 6
114.025, 94.6036, 33, 37, 22, 30, 0.0769838, 0.0950573, 0.673945, 0.580751, 11
114.03, 94.6582, 26, 34, 23, 34, 0.0883748, 0.131155, 0.581818, 0.650774, 8
114.03, 94.6582, 32, 35, 18, 32, 0.0085384, 0.153819, 0.0982696, 0.0352911, 7
114.017, 94.4964, 28, 38, 25, 25, 0.0390262, 0.0600025, 0.88285, 0.273856, 24
114.032, 94.6818, 32, 32, 23, 29, 0.0055096, 0.188081, 0.0334012, 0.800796, 5
114.027, 94.6182, 25, 35, 25, 26, 0.06242, 0.168346, 0.579764, 0.466838, 8
114.03, 94.6618, 28, 36, 21, 30, 0.00467528, 0.148895, 0.341397, 0.850875, 6
114.03, 94.6527, 26, 34, 18, 33, 0.0789146, 0.177454, 0.225705, 0.16302, 6
114.03, 94.66, 33, 38, 20, 25, 0.0560856, 0.0949152, 0.200212, 0.499458, 6
114.03, 94.6618, 25, 30, 20, 30, 0.0441093, 0.0990758, 0.316002, 0.939951, 7
114.03, 94.6582, 25, 36, 17, 30, 0.0841898, 0.138879, 0.214269, 0.0768969, 7
114.029, 94.6473, 28, 39, 20, 26, 0.0312864, 0.106826, 0.410821, 0.290394, 7
114.021, 94.5364, 27, 35, 28, 28, 0.0818237, 0.243889, 0.816821, 0.678483, 15
114.029, 94.6473, 31, 39, 20, 32, 0.0881859, 0.158108, 0.53375, 0.706029, 8
114.031, 94.6673, 29, 34, 19, 25, 0.0668451, 0.218693, 0.295692, 0.280994, 5
114.021, 94.5236, 27, 36, 16, 32, 0.0190761, 0.18034, 0.805336, 0.597552, 13
114.03, 94.66, 28, 39, 19, 28, 0.0715684, 0.107267, 0.341582, 0.788997, 6
114.028, 94.6418, 33, 39, 16, 25, 0.0732426, 0.117464, 0.648193, 0.899227, 8
113.099, 91.7891, 27, 30, 26, 34, 0.0233303, 0.194015, 0.957046, 0.369846, 214
114.029, 94.64, 25, 35, 21, 33, 0.0569362, 0.234364, 0.405551, 0.204855, 8
114.03, 94.6582, 32, 38, 24, 30, 0.0180781, 0.160877, 0.39745, 0.542175, 6
114.03, 94.6582, 29, 32, 17, 30, 0.0125567, 0.198618, 0.314384, 0.953952, 7
114.028, 94.6345, 26, 31, 24, 31, 0.0442365, 0.058318, 0.473653, 0.738071, 9
114.028, 94.6382, 29, 36, 23, 28, 0.0520027, 0.221687, 0.483508, 0.238525, 8
114.03, 94.6618, 30, 32, 19, 32, 0.0815475, 0.115223, 0.15908, 0.139702, 7
114.031, 94.6764, 33, 39, 27, 32, 0.074446, 0.115722, 0.211798, 0.134491, 7
114.019, 94.4982, 29, 31, 16, 32, 0.0516768, 0.17721, 0.885387, 0.793725, 18
114.014, 94.4236, 33, 36, 18, 29, 0.0365259, 0.12512, 0.943167, 0.550171, 21
114.029, 94.6455, 27, 30, 22, 26, 0.0887138, 0.124838, 0.431883, 0.323577, 9
114.03, 94.66, 29, 36, 18, 28, 0.063215, 0.174839, 0.374463, 0.713827, 6
114.021, 94.5364, 29, 31, 23, 26, 0.0446934, 0.16117, 0.781984, 0.350631, 14
114.024, 94.5836, 32, 36, 19, 27, 0.0611825, 0.208674, 0.671364, 0.308724, 11
114.026, 94.6091, 26, 34, 17, 30, 0.0648491, 0.239225, 0.602458, 0.199074, 10
114.03, 94.6455, 26, 30, 19, 33, 0.0234395, 0.243561, 0.249318, 0.382811, 7
114.03, 94.6509, 27, 36, 21, 32, 0.0560346, 0.199929, 0.208404, 0.957889, 6
114.031, 94.6691, 27, 31, 27, 30, 2.13878e-05, 0.148054, 0.309154, 0.239809, 7
114.031, 94.6655, 28, 34, 29, 31, 0.00262628, 0.0918963, 0.048132, 0.631672, 5
114.03, 94.66, 26, 37, 26, 27, 0.0464052, 0.215586, 0.447726, 0.678852, 7
114.031, 94.6364, 31, 37, 29, 34, 0.0296053, 0.109204, 0.85537, 0.0252974, 25
114.029, 94.6364, 27, 38, 16, 28, 0.0450845, 0.145808, 0.493943, 0.445085, 8
114.014, 94.4255, 31, 39, 18, 30, 0.0109415, 0.116062, 0.902758, 0.485803, 20
114.014, 94.4509, 27, 39, 25, 28, 0.0511251, 0.236284, 0.949698, 0.852542, 23
114.03, 94.66, 30, 31, 24, 32, 0.00568788, 0.208732, 0.174082, 0.425896, 6
114.028, 94.6327, 27, 36, 21, 27, 0.0647996, 0.181883, 0.543976, 0.522907, 8
114.028, 94.6291, 26, 36, 17, 32, 0.0075811, 0.11966, 0.564127, 0.560854, 8
114.031, 94.6709, 28, 38, 16, 32, 0.0746906, 0.0855567, 0.117059, 0.628222, 6
114.031, 94.6691, 31, 39, 20, 34, 0.0262204, 0.151659, 0.352094, 0.658896, 7
114.03, 94.6527, 26, 39, 17, 33, 0.0147533, 0.0737541, 0.259436, 0.952945, 6
114.02, 94.5145, 33, 36, 21, 30, 0.0256522, 0.212443, 0.829885, 0.418824, 16
114.017, 94.4909, 30, 37, 22, 30, 0.0899277, 0.115602, 0.859465, 0.110406, 22
114.03, 94.6582, 31, 38, 22, 25, 0.0305846, 0.129651, 0.375494, 0.948269, 7
114.03, 94.6582, 30, 37, 28, 31, 0.00580567, 0.195342, 0.611851, 0.560921, 9
114.028, 94.6345, 25, 30, 19, 29, 0.010287, 0.081167, 0.695437, 0.643488, 10
114.027, 94.6273, 26, 36, 21, 32, 0.0107162, 0.17996, 0.500794, 0.222017, 9
114.029, 94.6418, 32, 37, 23, 31, 0.020916, 0.138012, 0.571467, 0.780542, 8
114.023, 94.5836, 28, 39, 17, 25, 0.0958988, 0.21061, 0.965, 0.711647, 20
114.03, 94.6545, 30, 35, 23, 30, 0.0680874, 0.16962, 0.40656, 0.280362, 7
114.031, 94.6709, 27, 31, 29, 30, 0.0393166, 0.151171, 0.069402, 0.126811, 6
114.028, 94.6364, 26, 31, 25, 32, 0.0191275, 0.173258, 0.564767, 0.925482, 9
114.03, 94.6582, 30, 32, 21, 27, 0.0110563, 0.0888571, 0.167803, 0.104941, 7
114.023, 94.5727, 34, 38, 27, 27, 0.0432662, 0.219645, 0.738119, 0.127227, 15
114.025, 94.5982, 27, 37, 24, 28, 0.0377751, 0.130929, 0.670372, 0.720285, 10
114.031, 94.6709, 30, 38, 16, 25, 0.0593827, 0.239827, 0.158576, 0.563443, 6
114.031, 94.6673, 29, 33, 19, 25, 0.00710313, 0.0928004, 0.199178, 0.248578, 5
114.03, 94.6491, 25, 35, 19, 31, 0.0950264, 0.221079, 0.18702, 0.292318, 6
114.03, 94.6582, 25, 34, 26, 31, 0.0571075, 0.064759, 0.250109, 0.288997, 7
130.549, 110.216, 33, 37, 27, 32, 0.0498866, 0.231157, 0.986102, 0.508, 77
114.029, 94.6455, 31, 34, 19, 26, 0.091309, 0.196767, 0.413973, 0.170324, 7
114.027, 94.6218, 30, 35, 22, 33, 0.0318777, 0.209134, 0.740516, 0.781858, 11
114.028, 94.6309, 29, 39, 19, 31, 0.0207142, 0.117674, 0.593342, 0.84528, 8
114.03, 94.6564, 30, 35, 20, 25, 0.020827, 0.241971, 0.428905, 0.456619, 7
114.031, 94.6655, 27, 39, 22, 33, 0.0321483, 0.17099, 0.0696351, 0.594412, 5
114.031, 94.6673, 32, 36, 26, 30, 0.0664611, 0.161833, 0.0423921, 0.376994, 5
114.03, 94.6509, 25, 37, 28, 30, 0.0699442, 0.158625, 0.428617, 0.854375, 6
114.025, 94.5745, 32, 39, 24, 27, 0.012381, 0.0866841, 0.726531, 0.654935, 10
114.031, 94.6655, 30, 32, 29, 32, 0.0131029, 0.205662, 0.0258789, 0.351283, 5
114.031, 94.6655, 32, 36, 26, 34, 0.0977514, 0.244496, 0.642443, 0.549954, 11
114.03, 94.6582, 27, 35, 26, 26, 0.00607101, 0.196266, 0.0310361, 0.130478, 5
114.03, 94.6564, 29, 30, 18, 26, 0.00845101, 0.13423, 0.440324, 0.654476, 8
114.03, 94.66, 27, 30, 17, 29, 0.0744561, 0.141345, 0.181985, 0.0693465, 7
114.028, 94.6255, 34, 39, 22, 27, 0.0676028, 0.211185, 0.590317, 0.882239, 9
114.029, 94.6509, 32, 34, 20, 33, 0.0691346, 0.167368, 0.576184, 0.890445, 9
114.031, 94.6655, 34, 38, 22, 31, 0.0832761, 0.100034, 0.0339029, 0.348777, 5
114.03, 94.6582, 27, 31, 20, 27, 0.0569025, 0.176158, 0.442497, 0.879819, 6
114.031, 94.6691, 33, 39, 28, 28, 0.0373019, 0.108317, 0.23512, 0.0706296, 6
114.024, 94.5909, 27, 34, 25, 31, 0.0122398, 0.149596, 0.755422, 0.635534, 12
114.03, 94.6564, 26, 38, 17, 26, 0.0703507, 0.0980475, 0.433924, 0.0650654, 8
114.031, 94.6655, 32, 38, 23, 28, 0.0437518, 0.196559, 0.166738, 0.00105805, 7
114.03, 94.6545, 30, 36, 20, 33, 0.0187924, 0.160614, 0.433209, 0.462557, 8
114.03, 94.6582, 31, 32, 18, 32, 0.0373298, 0.130447, 0.178979, 0.0888316, 7
114.031, 94.6745, 25, 39, 28, 32, 0.0278587, 0.0740882, 0.388831, 0.665813, 7
114.031, 94.6636, 25, 34, 26, 30, 0.0398673, 0.235788, 0.0109163, 0.126426, 5
114.026, 94.6182, 27, 39, 27, 34, 0.0691438, 0.185102, 0.750968, 0.475102, 13
114.027, 94.6218, 25, 33, 17, 31, 0.0491189, 0.053845, 0.57751, 0.403721, 8
114.018, 94.5073, 27, 34, 25, 33, 0.079404, 0.201533, 0.890235, 0.738608, 19
114.031, 94.6709, 26, 37, 17, 32, 0.0953254, 0.205802, 0.0807696, 0.746107, 5
114.029, 94.6345, 30, 31, 28, 34, 0.0770078, 0.206902, 0.902721, 0.592931, 22
114.016, 94.4655, 27, 35, 24, 26, 0.061398, 0.126249, 0.860541, 0.207988, 19
114.03, 94.6218, 30, 36, 28, 30, 0.0176452, 0.0516327, 0.962778, 0.797668, 26
114.013, 94.4145, 25, 30, 23, 32, 0.00494857, 0.163931, 0.905054, 0.818506, 21
114.031, 94.6655, 30, 39, 23, 32, 0.07563, 0.11336, 0.0507198, 0.869817, 5
114.027, 94.6164, 28, 33, 25, 25, 0.00410532, 0.110842, 0.692928, 0.953301, 10
114.03, 94.6636, 28, 38, 20, 32, 0.0934163, 0.232107, 0.180332, 0.563963, 7
114.03, 94.6582, 30, 34, 20, 28, 0.0983493, 0.229357, 0.178026, 0.864023, 7
114.03, 94.6618, 30, 37, 28, 34, 0.0814712, 0.107187, 0.587528, 0.943461, 9
114.03, 94.6582, 28, 34, 29, 29, 0.0650508, 0.143468, 0.314001, 0.466086, 7
114.03, 94.6509, 26, 32, 21, 32, 0.0928654, 0.184536, 0.329676, 0.672131, 7
114.03, 94.6509, 26, 31, 23, 29, 0.0363012, 0.144013, 0.315464, 0.249445, 7
114.025, 94.5964, 30, 38, 17, 27, 0.0898966, 0.165089, 0.612918, 0.431693, 11
126.017, 104.849, 25, 38, 21, 29, 0.0514234, 0.247115, 0.963142, 0.191479, 97
114.029, 94.6418, 34, 36, 18, 25, 0.058214, 0.0592696, 0.682829, 0.560846, 9
114.022, 94.5564, 27, 32, 28, 30, 0.0645554, 0.167394, 0.773471, 0.268043, 14
114.03, 94.66, 34, 39, 27, 32, 0.0238829, 0.112099, 0.514031, 0.625553, 9
114.031, 94.6655, 25, 36, 22, 34, 0.077505, 0.15507, 0.0678637, 0.627139, 5
114.028, 94.6418, 27, 37, 24, 34, 0.0939824, 0.157141, 0.656094, 0.312063, 10
114.03, 94.6636, 26, 37, 27, 31, 0.0503001, 0.230367, 0.328226, 0.153997, 6
114.028, 94.6309, 29, 37, 20, 30, 0.0319726, 0.238355, 0.515578, 0.717504, 8
114.029, 94.6473, 33, 36, 20, 26, 0.0399957, 0.132822, 0.406163, 0.274349, 7
114.03, 94.6564, 29, 35, 20, 33, 0.0771217, 0.0819178, 0.197314, 0.626694, 6
114.029, 94.6418, 25, 31, 21, 29, 0.0120692, 0.0851938, 0.627131, 0.934797, 8
113.995, 94.1164, 32, 36, 17, 32, 0.0341642, 0.239057, 0.962538, 0.56901, 53
114.03, 94.6618, 33, 39, 20, 33, 0.0928534, 0.181995, 0.144429, 0.822017, 6
114.031, 94.6655, 33, 34, 21, 34, 0.0514258, 0.136608, 0.0772185, 0.790833, 5
139.077, 111.718, 28, 39, 18, 29, 0.0149473, 0.0807379, 0.968838, 0.10371, 153
114.03, 94.6582, 26, 39, 17, 32, 0.0203125, 0.206781, 0.227098, 0.0978708, 7
114.03, 94.66, 28, 37, 17, 28, 0.0340226, 0.154203, 0.298768, 0.394991, 6
114.027, 94.6236, 25, 33, 21, 30, 0.0387941, 0.123578, 0.499774, 0.998435, 9
114.031, 94.6764, 29, 37, 24, 27, 0.0368805, 0.18713, 0.099657, 0.984101, 5
114.009, 94.3145, 26, 37, 18, 31, 0.0623803, 0.149229, 0.964017, 0.705642, 23
114.03, 94.6545, 29, 31, 26, 32, 0.0659023, 0.233612, 0.536878, 0.164158, 9
114.018, 94.5109, 31, 35, 27, 28, 0.0983335, 0.247405, 0.919326, 0.834674, 22
114.031, 94.6764, 34, 39, 21, 26, 0.0612198, 0.112384, 0.00800753, 0.632841, 5
114.03, 94.6618, 26, 35, 19, 29, 0.0721498, 0.15595, 0.318104, 0.187692, 6
114.031, 94.6673, 25, 32, 27, 29, 0.0186859, 0.0670506, 0.0869457, 0.909082, 5
114.009, 94.3382, 34, 37, 16, 33, 0.0750979, 0.144363, 0.900431, 0.130097, 27
114.03, 94.66, 30, 33, 21, 34, 0.0120216, 0.127516, 0.192978, 0.565927, 6
114.017, 94.4709, 34, 39, 18, 30, 0.010843, 0.237311, 0.892728, 0.933252, 17
114.03, 94.6618, 30, 33, 23, 25, 0.071596, 0.0803416, 0.213025, 0.688122, 7
114.028, 94.6327, 29, 37, 18, 30, 0.0721768, 0.175917, 0.425652, 0.0321475, 8
114.03, 94.66, 28, 30, 28, 29, 0.0327822, 0.138713, 0.369117, 0.817073, 7
114.031, 94.6673, 27, 31, 25, 30, 0.0860202, 0.194779, 0.076501, 0.673837, 5
114.029, 94.6382, 26, 35, 19, 28, 0.00135397, 0.119852, 0.584059, 0.457602, 9
114.022, 94.56, 26, 36, 16, 29, 0.017204, 0.189267, 0.840568, 0.410333, 15
114.025, 94.5982, 30, 33, 18, 26, 0.0606729, 0.0968057, 0.644256, 0.64736, 11
114.028, 94.6382, 25, 31, 23, 34, 0.0516262, 0.106541, 0.525164, 0.640814, 8
114.032, 94.6873, 29, 36, 16, 26, 0.00286934, 0.167181, 0.026564, 0.457318, 5
114.025, 94.5909, 31, 34, 17, 31, 0.074138, 0.195345, 0.678314, 0.8578, 11
124.555, 104.642, 28, 32, 27, 34, 0.0751284, 0.209666, 0.992566, 0.39767, 63
114.031, 94.6655, 34, 35, 28, 33, 0.0924656, 0.200048, 0.011516, 0.10656, 5
114.016, 94.46, 28, 34, 24, 28, 0.00277345, 0.154362, 0.902658, 0.367864, 20
114.029, 94.6364, 30, 34, 24, 27, 0.097631, 0.130138, 0.596037, 0.984026, 8
114.031, 94.6655, 27, 38, 24, 32, 0.0154067, 0.212173, 0.00722714, 0.192919, 5
114.03, 94.6582, 29, 39, 26, 31, 0.0273073, 0.122827, 0.514729, 0.415327, 9
114.028, 94.6273, 27, 38, 17, 32, 0.0396021, 0.194357, 0.43249, 0.179366, 8
114.031, 94.6673, 30, 34, 23, 28, 0.0184385, 0.0975476, 0.363754, 0.37732, 7
114.031, 94.66, 34, 35, 29, 33, 0.0719803, 0.0911068, 0.791303, 0.332353, 16
114.021, 94.5545, 30, 35, 21, 33, 0.0309797, 0.203707, 0.82509, 0.106142, 20
114.02, 94.5309, 26, 34, 17, 30, 0.0486419, 0.13191, 0.792853, 0.411174, 14
114.02, 94.5145, 25, 39, 22, 29, 0.0947647, 0.248802, 0.782244, 0.600951, 15
114.028, 94.6327, 27, 39, 20, 27, 0.0850333, 0.109498, 0.571482, 0.993715, 8
114.018, 94.4709, 29, 37, 25, 27, 0.0800843, 0.226594, 0.879529, 0.503726, 15
114.024, 94.58, 27, 31, 23, 27, 0.0706034, 0.107857, 0.729964, 0.655891, 12
114.031, 94.6691, 32, 33, 23, 31, 0.0977934, 0.169463, 0.291158, 0.817921, 7
114.016, 94.4582, 33, 36, 19, 29, 0.0418635, 0.138289, 0.910497, 0.388549, 21
114.023, 94.5727, 26, 32, 23, 31, 0.0234344, 0.165546, 0.825633, 0.904382, 14
114.031, 94.6673, 29, 38, 24, 28, 0.0727762, 0.1845, 0.134597, 0.981557, 5
114.03, 94.6655, 30, 37, 23, 29, 0.0759401, 0.220087, 0.122701, 0.25465, 7
114.025, 94.6109, 27, 37, 28, 32, 0.0710029, 0.164152, 0.827501, 0.867431, 14
114.031, 94.6655, 33, 33, 19, 34, 0.0321925, 0.219071, 0.408702, 0.996136, 6
114.03, 94.66, 29, 39, 29, 29, 0.00784171, 0.245927, 0.362869, 0.607296, 6
114.026, 94.6145, 31, 31, 28, 33, 0.0777598, 0.235007, 0.666333, 0.957537, 11
114.017, 94.4891, 33, 39, 21, 32, 0.056523, 0.240396, 0.935481, 0.783884, 25
114.031, 94.6636, 31, 31, 22, 25, 0.0149739, 0.141929, 0.342144, 0.556117, 6
114.021, 94.5309, 30, 36, 17, 32, 0.0733817, 0.205951, 0.822041, 0.864615, 13
114.031, 94.6673, 26, 37, 21, 30, 0.0615073, 0.122527, 0.0696974, 0.480805, 5
114.03, 94.6527, 28, 30, 29, 33, 0.0271381, 0.110092, 0.215597, 0.951912, 6
114.027, 94.6182, 26, 34, 24, 33, 0.0357412, 0.0529923, 0.656815, 0.860077, 10
114.023, 94.5745, 31, 32, 23, 29, 0.0539882, 0.0651093, 0.715582, 0.215048, 13
114.03, 94.66, 32, 35, 19, 27, 0.0288728, 0.12621, 0.402023, 0.812901, 6
114.025, 94.6055, 27, 37, 22, 32, 0.0376638, 0.220942, 0.754582, 0.745345, 12
114.031, 94.6673, 30, 32, 18, 28, 0.0824076, 0.116081, 0.158792, 0.728985, 7
114.028, 94.6255, 33, 35, 21, 29, 0.0178127, 0.197461, 0.514923, 0.961385, 9
114.028, 94.6236, 27, 31, 26, 29, 0.0194379, 0.128481, 0.619855, 0.108229, 9
114.025, 94.5964, 30, 31, 21, 29, 0.0343478, 0.242498, 0.688747, 0.664038, 10
114.025, 94.6, 30, 30, 26, 31, 0.0412632, 0.138289, 0.685617, 0.44267, 12
114.025, 94.5982, 29, 34, 19, 27, 0.0778118, 0.120271, 0.63757, 0.265056, 11
114.031, 94.6745, 30, 33, 28, 33, 0.0622036, 0.232039, 0.291613, 0.0626494, 7
114.031, 94.6691, 34, 35, 27, 28, 0.0916916, 0.0998945, 0.0318816, 0.6138, 5
114.03, 94.6564, 27, 31, 23, 29, 0.0876886, 0.206733, 0.374762, 0.825881, 6
114.026, 94.62, 30, 35, 23, 31, 0.0217298, 0.24103, 0.758184, 0.625689, 12
114.032, 94.6873, 29, 34, 16, 27, 0.0658767, 0.20914, 0.00443016, 0.980203, 5
114.03, 94.66, 34, 38, 19, 30, 0.0084437, 0.232433, 0.319144, 0.0552883, 7
114.027, 94.6109, 25, 30, 26, 28, 0.0677744, 0.0929416, 0.613641, 0.235358, 9
113.297, 92.2182, 25, 32, 17, 34, 0.0341025, 0.098913, 0.978774, 0.611467, 181
114.031, 94.6673, 25, 35, 29, 30, 0.030581, 0.205516, 0.0623087, 0.959277, 5
114.032, 94.6782, 29, 39, 25, 34, 0.0854113, 0.0951211, 0.304377, 0.0997158, 7
114.029, 94.6364, 29, 34, 20, 29, 0.0747978, 0.110433, 0.454038, 0.165872, 8
114.03, 94.6618, 27, 34, 21, 30, 0.0154957, 0.134542, 0.267781, 0.770712, 6
114.028, 94.6327, 30, 38, 18, 30, 0.0486456, 0.0778586, 0.534257, 0.222471, 8
114.031, 94.6764, 33, 38, 26, 32, 0.0862987, 0.193192, 0.394713, 0.271955, 8
114.03, 94.66, 28, 33, 18, 34, 0.0886148, 0.237036, 0.212698, 0.024775, 7
123.315, 103.86, 32, 36, 22, 34, 0.0990345, 0.130699, 0.983557, 0.193296, 54
114.03, 94.6582, 32, 38, 21, 33, 0.0452631, 0.0894629, 0.446777, 0.122002, 8
114.023, 94.5673, 29, 33, 23, 28, 0.0646585, 0.208724, 0.704479, 0.319447, 13
114.031, 94.6745, 32, 34, 29, 32, 0.099358, 0.158013, 0.111891, 0.575088, 6
114.031, 94.6691, 26, 38, 28, 29, 0.0364993, 0.209898, 0.0133077, 0.333417, 5
114.014, 94.4073, 29, 34, 17, 33, 0.08167, 0.154921, 0.888157, 0.325906, 21
114.026, 94.6127, 26, 31, 21, 31, 0.0586964, 0.155066, 0.611432, 0.684176, 10
114.028, 94.6436, 33, 39, 25, 32, 0.0698289, 0.0770004, 0.652974, 0.579325, 11
114.03, 94.6509, 31, 38, 24, 29, 0.0557274, 0.0641608, 0.311952, 0.868409, 6
114.022, 94.5436, 30, 37, 22, 26, 0.0374517, 0.223801, 0.775698, 0.279234, 13
114.03, 94.6636, 29, 32, 20, 32, 0.0641086, 0.0883319, 0.296384, 0.286832, 7
114.031, 94.6673, 29, 32, 17, 25, 0.0105804, 0.0872692, 0.322052, 0.313694, 5
114.029, 94.6509, 25, 34, 20, 34, 0.0766496, 0.143316, 0.331226, 0.826361, 7
114.017, 94.4764, 32, 38, 21, 26, 0.044692, 0.173455, 0.903924, 0.584434, 18
114.03, 94.66, 29, 38, 20, 32, 0.000575398, 0.193659, 0.225459, 0.138492, 6
114.031, 94.6691, 28, 38, 21, 33, 0.0887576, 0.095058, 0.146534, 0.507591, 7
114.03, 94.66, 33, 39, 16, 28, 0.00309801, 0.0811287, 0.221138, 0.902102, 6
114.03, 94.6582, 27, 37, 18, 30, 0.0681779, 0.188234, 0.248105, 0.271539, 7
114.029, 94.6491, 31, 32, 26, 31, 0.0461781, 0.0575457, 0.628137, 0.329768, 11
114.029, 94.6455, 28, 33, 27, 28, 0.0775924, 0.204273, 0.502422, 0.37473, 8
114.016, 94.4564, 30, 38, 20, 30, 0.0195352, 0.105433, 0.86456, 0.644062, 18
114.023, 94.5782, 26, 33, 25, 31, 0.0490781, 0.0521685, 0.684013, 0.287565, 13
114.031, 94.6655, 26, 34, 26, 29, 0.0579907, 0.159602, 0.344587, 0.941228, 7
114.031, 94.6673, 27, 37, 26, 26, 0.01013, 0.239175, 0.409032, 0.306804, 6
114.014, 94.4473, 26, 30, 19, 33, 0.0188746, 0.0814396, 0.942602, 0.616389, 29
114.028, 94.6345, 28, 30, 27, 29, 0.0300941, 0.091559, 0.521132, 0.477377, 9
114.026, 94.6036, 29, 38, 20, 25, 0.0693659, 0.247743, 0.590702, 0.207252, 10
114.024, 94.5891, 28, 35, 24, 29, 0.0125584, 0.126085, 0.705014, 0.55327, 13
125.742, 105.436, 27, 39, 24, 31, 0.0232797, 0.121631, 0.994968, 0.361335, 63
114.031, 94.6727, 29, 33, 25, 32, 0.082667, 0.10635, 0.2349, 0.750465, 7
114.027, 94.6218, 26, 32, 25, 27, 0.0808087, 0.0833804, 0.534579, 0.597344, 9
114.031, 94.6673, 31, 32, 16, 25, 0.0180714, 0.138607, 0.279026, 0.505358, 6
113.912, 94.0582, 29, 35, 21, 34, 0.01608, 0.154538, 0.953927, 0.387001, 108
114.027, 94.6291, 29, 31, 25, 25, 0.0257593, 0.227945, 0.573984, 0.294372, 8
114.031, 94.6655, 32, 37, 21, 30, 0.0161801, 0.24967, 0.0149483, 0.0613138, 5
121.916, 102.622, 25, 38, 23, 28, 0.0657905, 0.0659911, 0.997321, 0.0232708, 66
122.5, 101.731, 34, 38, 23, 25, 0.0242928, 0.129001, 0.961014, 0.12821, 98
114.031, 94.6691, 30, 36, 24, 31, 0.0894922, 0.140132, 0.14895, 0.168147, 7
114.028, 94.6436, 27, 33, 26, 30, 0.0284453, 0.238249, 0.448058, 0.229207, 9
114.031, 94.6618, 31, 37, 28, 30, 0.00678488, 0.228064, 0.326751, 0.389578, 6
114.027, 94.6182, 28, 30, 23, 33, 0.0249538, 0.193191, 0.664785, 0.761999, 10
114.03, 94.6582, 27, 31, 22, 25, 0.0836343, 0.227738, 0.265841, 0.483435, 6
124.436, 105.262, 33, 37, 24, 31, 0.0813176, 0.115994, 0.923121, 0.0173529, 63
114.022, 94.5673, 28, 32, 22, 34, 0.0452803, 0.131798, 0.804838, 0.369153, 17
114.028, 94.6382, 26, 36, 17, 26, 0.00863889, 0.193473, 0.671218, 0.225218, 10
114.028, 94.6418, 29, 33, 27, 34, 0.00252352, 0.161341, 0.62247, 0.741974, 9
114.021, 94.5345, 25, 32, 17, 29, 0.0145995, 0.163651, 0.792607, 0.924621, 14
114.03, 94.66, 34, 36, 20, 25, 0.00557027, 0.0864463, 0.283913, 0.718759, 6
114.031, 94.6673, 34, 36, 17, 25, 0.0597014, 0.123254, 0.332623, 0.685368, 5
114.031, 94.6673, 30, 38, 20, 25, 0.0125828, 0.179155, 0.0635855, 0.00228839, 7
114.016, 94.48, 30, 35, 21, 32, 0.0678094, 0.160996, 0.887502, 0.621019, 20
114.022, 94.5491, 33, 38, 17, 27, 0.0679949, 0.244011, 0.855199, 0.908484, 13
114.024, 94.5855, 29, 30, 19, 33, 0.047725, 0.168162, 0.714674, 0.624532, 12
114.031, 94.6764, 29, 34, 20, 28, 0.0900407, 0.135127, 0.027328, 0.125527, 5
114.008, 94.3255, 25, 35, 19, 25, 0.0525038, 0.107206, 0.934375, 0.483381, 26
114.032, 94.6818, 32, 34, 25, 25, 0.00355809, 0.0984809, 0.0880693, 0.436429, 5
114.03, 94.6655, 31, 34, 23, 33, 0.0225441, 0.230191, 0.310329, 0.805613, 7
114.03, 94.6582, 25, 33, 28, 34, 0.0513217, 0.225895, 0.289737, 0.63444, 7
114.03, 94.6636, 26, 33, 28, 29, 0.0909831, 0.111428, 0.238926, 0.44043, 6
114.024, 94.5727, 25, 35, 19, 27, 0.0869359, 0.179115, 0.656987, 0.280569, 11
113.978, 94.0745, 27, 32, 26, 34, 0.0734349, 0.114295, 0.963557, 0.493058, 77
114.032, 94.6873, 30, 33, 19, 25, 0.0648083, 0.112428, 0.0603076, 0.915961, 5
114.021, 94.5382, 28, 30, 25, 28, 0.00553322, 0.218143, 0.693943, 0.0130854, 15
114.023, 94.5764, 32, 35, 21, 32, 0.0648647, 0.112015, 0.79699, 0.590668, 15
114.031, 94.6673, 34, 35, 28, 33, 0.00497133, 0.173641, 0.598641, 0.773637, 8
114.031, 94.6655, 32, 36, 28, 31, 0.0706455, 0.0814317, 0.10348, 0.332401, 6
114.023, 94.5618, 29, 30, 23, 28, 0.0613242, 0.182075, 0.771064, 0.755981, 12
114.018, 94.4909, 27, 33, 22, 29, 0.0858869, 0.231114, 0.868213, 0.825243, 17
114.028, 94.6327, 27, 38, 21, 27, 0.0328233, 0.182256, 0.483965, 0.622015, 8
125.899, 105.473, 26, 31, 23, 34, 0.00013104, 0.124118, 0.962778, 0.0520025, 63
114.03, 94.6564, 31, 34, 29, 31, 0.0407491, 0.113857, 0.590602, 0.166813, 10
114.029, 94.6436, 26, 30, 21, 34, 0.0165629, 0.0852376, 0.41979, 0.865931, 7
114.03, 94.66, 34, 38, 23, 25, 0.0689287, 0.202344, 0.262959, 0.6576, 7
114.031, 94.6673, 31, 39, 23, 30, 0.0887268, 0.207187, 0.0290622, 0.396693, 5
114.032, 94.6836, 33, 35, 16, 25, 0.0791502, 0.0837673, 0.0707468, 0.0877983, 5
114.029, 94.6473, 25, 30, 23, 33, 0.0899665, 0.18917, 0.464048, 0.893188, 7
114.024, 94.58, 34, 37, 17, 27, 0.0400365, 0.0506541, 0.727805, 0.27618, 11
114.03, 94.6564, 32, 33, 26, 28, 0.0399102, 0.151443, 0.22837, 0.635106, 7
114.014, 94.4182, 30, 33, 25, 27, 0.0451056, 0.182398, 0.837813, 0.0505613, 20
114.032, 94.6873, 25, 36, 16, 25, 0.0581319, 0.163897, 0.0701995, 0.402539, 5
114.021, 94.5418, 26, 30, 22, 25, 0.00883076, 0.12673, 0.681548, 0.232632, 13
114.015, 94.4564, 29, 33, 26, 30, 0.0770896, 0.229217, 0.934526, 0.44919, 25
114.031, 94.6745, 27, 38, 27, 32, 0.0726516, 0.162664, 0.201931, 0.743614, 7
114.025, 94.5964, 29, 33, 19, 26, 0.0596451, 0.177075, 0.701582, 0.694395, 11
114.025, 94.5909, 28, 37, 21, 26, 0.074213, 0.116592, 0.653997, 0.486432, 11
114.031, 94.6691, 30, 37, 28, 29, 0.0562719, 0.0953666, 0.314943, 0.1974, 7
114.028, 94.6382, 25, 34, 16, 26, 0.0168515, 0.0757152, 0.598619, 0.751907, 8
114.029, 94.6491, 29, 36, 28, 29, 0.0512085, 0.201335, 0.474818, 0.144138, 8
114.028, 94.6382, 29, 33, 29, 33, 0.00862937, 0.148117, 0.62399, 0.660975, 11
114.031, 94.6709, 27, 35, 28, 33, 0.013905, 0.17297, 0.303674, 0.139642, 7
114.032, 94.6764, 31, 34, 27, 31, 0.0133946, 0.238869, 0.223979, 0.662829, 7
114.029, 94.6473, 25, 38, 20, 33, 0.0423965, 0.205124, 0.45553, 0.654441, 7
114.027, 94.6291, 27, 34, 28, 34, 0.0602578, 0.0694909, 0.650254, 0.249165, 11
114.03, 94.6582, 27, 30, 21, 30, 0.0320643, 0.178344, 0.376076, 0.500631, 7
128.645, 108.453, 28, 32, 24, 34, 0.0879289, 0.111186, 0.988713, 0.578873, 114
114.021, 94.56, 27, 39, 25, 31, 0.073826, 0.137222, 0.861889, 0.688592, 19
114.025, 94.5945, 33, 35, 20, 32, 0.0979305, 0.139713, 0.725875, 0.976698, 10
114.03, 94.6564, 26, 36, 16, 29, 0.0709863, 0.167209, 0.379947, 0.058344, 7
114.028, 94.6291, 34, 38, 16, 33, 0.0530766, 0.102596, 0.479695, 0.526803, 9
114.025, 94.5964, 28, 38, 23, 30, 0.0558114, 0.169306, 0.698482, 0.497549, 12
114.023, 94.5673, 29, 31, 19, 29, 0.0576798, 0.221269, 0.719496, 0.583982, 12
114.025, 94.5964, 28, 33, 24, 28, 0.0562759, 0.248886, 0.637855, 0.835309, 11
114.027, 94.6236, 29, 37, 24, 32, 0.0986456, 0.144055, 0.671857, 0.9444, 10
114.031, 94.6673, 31, 38, 26, 34, 0.0115594, 0.0671469, 0.509372, 0.0488903, 8
114.03, 94.66, 33, 35, 22, 28, 0.0183218, 0.159183, 0.242492, 0.713097, 7
114.031, 94.6618, 33, 37, 27, 30, 0.0934778, 0.102538, 0.391271, 0.284486, 6
114.022, 94.5436, 29, 30, 17, 32, 0.0939292, 0.188435, 0.788703, 0.820243, 12
114.022, 94.4818, 26, 32, 28, 30, 0.0603043, 0.0856205, 0.934035, 0.272603, 41
114.031, 94.6764, 34, 37, 24, 25, 0.0659918, 0.22585, 0.0103308, 0.626292, 5
114.018, 94.5073, 27, 32, 27, 31, 0.0301719, 0.0510356, 0.814763, 0.104667, 18
114.03, 94.6564, 33, 35, 21, 31, 0.0388086, 0.114513, 0.256146, 0.738255, 7
114.028, 94.6309, 28, 36, 22, 32, 0.0413605, 0.227342, 0.630739, 0.974925, 9
114.03, 94.6636, 29, 36, 22, 34, 0.0631884, 0.156959, 0.135994, 0.761308, 6
114.032, 94.6818, 32, 33, 19, 26, 0.0453536, 0.158448, 0.0288589, 0.783438, 5
114.03, 94.66, 26, 38, 18, 28, 0.00618177, 0.149095, 0.357419, 0.146907, 6
114.029, 94.6455, 30, 39, 16, 29, 0.0264785, 0.0850526, 0.393908, 0.0679102, 7
114.03, 94.6636, 28, 31, 19, 33, 0.0217456, 0.0600466, 0.214134, 0.120793, 6
114.024, 94.5873, 25, 33, 25, 31, 0.0229543, 0.147744, 0.675003, 0.0898067, 13
114.032, 94.6873, 30, 35, 19, 25, 0.0169139, 0.109384, 0.0816368, 0.577611, 5
114.031, 94.6764, 31, 34, 25, 34, 0.0749842, 0.120311, 0.208906, 0.438834, 7
114.02, 94.5091, 29, 32, 21, 28, 0.0516598, 0.119968, 0.765999, 0.274604, 14
114.031, 94.6655, 34, 38, 28, 33, 0.0666794, 0.116245, 0.00858187, 0.821312, 5
114.031, 94.6764, 25, 30, 17, 26, 0.0426383, 0.149549, 0.322895, 0.905208, 6
114.029, 94.6455, 25, 38, 29, 34, 0.0823019, 0.222026, 0.573432, 0.481489, 8
114.018, 94.5, 26, 31, 21, 29, 0.073386, 0.0841103, 0.795995, 0.22235, 17
114.02, 94.5509, 25, 37, 19, 25, 0.0970461, 0.142132, 0.899419, 0.138364, 20
114.017, 94.4727, 31, 35, 17, 33, 0.0585083, 0.107091, 0.820561, 0.375219, 18
114.031, 94.6691, 28, 31, 26, 28, 0.0780478, 0.188406, 0.115062, 0.410164, 6
126.342, 105.4, 33, 34, 25, 29, 0.0140445, 0.17411, 0.934619, 0.01097, 57
114.028, 94.6364, 28, 34, 26, 29, 0.0181369, 0.142131, 0.561667, 0.500957, 9
114.03, 94.66, 29, 36, 19, 31, 0.0819973, 0.0916046, 0.213395, 0.744677, 6
114.02, 94.5455, 28, 36, 27, 30, 0.0757571, 0.106826, 0.894536, 0.906107, 20
114.031, 94.6655, 29, 37, 22, 29, 0.0106689, 0.127106, 0.116177, 0.77492, 5
114.02, 94.5309, 27, 33, 23, 31, 0.0046335, 0.0727266, 0.847943, 0.310163, 17
114.03, 94.6582, 31, 36, 17, 32, 0.0468543, 0.243644, 0.173813, 0.341401, 7
114.029, 94.6455, 25, 38, 23, 29, 0.0623259, 0.147875, 0.224989, 0.264173, 6
114.028, 94.6291, 27, 36, 26, 26, 0.0312048, 0.115948, 0.719166, 0.81875, 8
114.03, 94.6564, 30, 33, 19, 28, 0.0604995, 0.149683, 0.440917, 0.579822, 7
114.028, 94.6364, 31, 33, 23, 29, 0.0660138, 0.115059, 0.578827, 0.656566, 8
114.031, 94.6745, 30, 31, 19, 29, 0.0682375, 0.104676, 0.119738, 0.617271, 6
114.031, 94.6655, 29, 34, 17, 33, 0.0696646, 0.171333, 0.0401115, 0.157897, 5
114.03, 94.6582, 32, 36, 26, 29, 0.0271526, 0.0778151, 0.204733, 0.620796, 6
114.015, 94.44, 31, 37, 17, 30, 0.0358612, 0.132132, 0.91086, 0.66859, 20
114.031, 94.6655, 28, 31, 27, 33, 0.077861, 0.121454, 0.242231, 0.262161, 6
114.031, 94.6673, 26, 36, 23, 31, 0.0709048, 0.196984, 0.213208, 0.354022, 7
114.021, 94.5527, 28, 37, 28, 29, 0.0219712, 0.149652, 0.808822, 0.6685, 15
113.917, 93.8255, 30, 31, 23, 29, 0.091217, 0.126538, 0.955227, 0.38193, 106
114.026, 94.5945, 32, 33, 16, 32, 0.0968856, 0.130702, 0.645245, 0.620429, 9
114.03, 94.6618, 27, 39, 24, 27, 0.0489187, 0.234527, 0.247319, 0.282425, 6
114.03, 94.6491, 26, 31, 21, 28, 0.0234705, 0.0905387, 0.301813, 0.965321, 6
114.03, 94.66, 30, 33, 24, 28, 0.0318656, 0.230738, 0.0831588, 0.114208, 6
114.03, 94.6582, 34, 35, 16, 31, 0.0134514, 0.200712, 0.188718, 0.260012, 7
114.031, 94.6655, 34, 35, 28, 34, 0.0863217, 0.211343, 0.0226161, 0.95478, 5
114.03, 94.6582, 30, 39, 21, 28, 0.0367226, 0.137682, 0.374782, 0.68127, 7
114.023, 94.5745, 26, 32, 28, 30, 0.0204258, 0.177013, 0.739859, 0.260089, 14
114.034, 94.6618, 33, 39, 29, 31, 0.0275296, 0.073414, 0.959753, 0.81918, 25
114.018, 94.4927, 29, 32, 28, 28, 0.0514557, 0.114137, 0.796625, 0.0540955, 17
114.03, 94.6509, 33, 38, 22, 30, 0.0686407, 0.161312, 0.20613, 0.493842, 6
114.022, 94.56, 31, 32, 20, 25, 0.0647471, 0.0898112, 0.795923, 0.24924, 13
129.428, 109.68, 29, 35, 25, 34, 0.0804833, 0.235764, 0.959345, 0.251628, 95
114.029, 94.6418, 26, 33, 17, 28, 0.00179607, 0.160594, 0.493481, 0.680288, 7
114.022, 94.5564, 27, 32, 16, 28, 0.0949802, 0.198003, 0.784964, 0.50734, 13
108.883, 83.5709, 27, 36, 21, 30, 0.0796462, 0.0970769, 0.993316, 0.726755, 456
114.012, 94.4109, 26, 36, 26, 32, 0.0400904, 0.24677, 0.89108, 0.0654569, 28
114.028, 94.6327, 28, 37, 18, 34, 0.0587314, 0.0950464, 0.483634, 0.368678, 8
114.021, 94.5527, 27, 35, 23, 32, 0.0509668, 0.182187, 0.825741, 0.816599, 16
114.032, 94.6782, 30, 34, 26, 33, 0.0483332, 0.066953, 0.258015, 0.83485, 7
114.03, 94.66, 29, 38, 22, 34, 0.0264037, 0.112254, 0.182806, 0.418631, 6
114.031, 94.6782, 27, 31, 22, 28, 0.0102639, 0.18017, 0.0658254, 0.422181, 5
114.027, 94.6236, 32, 36, 17, 25, 0.0306455, 0.0987745, 0.818241, 0.827136, 11
114.032, 94.6818, 32, 32, 16, 30, 0.0415373, 0.133226, 0.00963363, 0.932004, 5
114.03, 94.6618, 30, 34, 27, 32, 0.027319, 0.0518016, 0.442898, 0.54654, 9
114.022, 94.5509, 25, 39, 18, 31, 0.0410201, 0.103463, 0.736662, 0.486405, 13
114.03, 94.6582, 28, 31, 21, 32, 0.0484664, 0.240496, 0.414447, 0.37302, 8
114.025, 94.5855, 30, 30, 17, 33, 0.0665765, 0.102463, 0.65843, 0.161915, 12
114.03, 94.6327, 32, 38, 23, 33, 0.0577231, 0.0666034, 0.877507, 0.518305, 21
114.032, 94.6818, 30, 32, 18, 26, 0.0182338, 0.249526, 0.0654076, 0.528598, 5
114.031, 94.6745, 26, 34, 26, 33, 0.0112976, 0.143038, 0.353638, 0.660864, 7
114.03, 94.6545, 34, 39, 27, 32, 0.00183213, 0.0744486, 0.586452, 0.47465, 9
114.031, 94.6655, 29, 35, 19, 25, 0.0510244, 0.2427, 0.47311, 0.831114, 6
114.031, 94.6673, 30, 34, 22, 29, 0.00219873, 0.0898675, 0.14957, 0.417024, 7
114.03, 94.6636, 26, 35, 26, 31, 0.0589473, 0.218088, 0.166737, 0.333059, 6
114.03, 94.6582, 30, 36, 24, 30, 0.0733879, 0.243448, 0.101003, 0.0938709, 6
114.026, 94.6018, 29, 31, 18, 31, 0.067311, 0.116577, 0.612882, 0.430658, 10
113.779, 93.4091, 31, 39, 17, 31, 0.0632502, 0.154057, 0.982797, 0.691031, 132
114.027, 94.5855, 32, 35, 27, 30, 0.0336557, 0.191289, 0.964381, 0.631243, 31
114.029, 94.64, 27, 30, 17, 34, 0.0801532, 0.120266, 0.528876, 0.0880198, 8
114.031, 94.6691, 26, 30, 28, 28, 0.00138724, 0.103577, 0.0791614, 0.530174, 5
114.024, 94.5727, 28, 39, 22, 28, 0.0559745, 0.147146, 0.736619, 0.520474, 12
114.03, 94.6564, 30, 37, 29, 31, 0.0545776, 0.0847499, 0.684749, 0.627165, 10
114.03, 94.6618, 28, 33, 19, 30, 0.0630474, 0.20938, 0.24795, 0.319213, 6
113.839, 93.7182, 30, 37, 22, 27, 0.0367528, 0.147207, 0.978138, 0.617427, 119
113.163, 91.5364, 30, 35, 21, 29, 0.091647, 0.109439, 0.982239, 0.588385, 156
114.032, 94.6818, 27, 33, 18, 28, 0.0702602, 0.151298, 0.0884856, 0.547373, 5
114.03, 94.6582, 27, 35, 20, 30, 0.0475079, 0.242913, 0.211536, 0.562138, 6
114.03, 94.6618, 28, 38, 21, 29, 0.0046628, 0.227369, 0.19999, 0.952309, 6
114.015, 94.4691, 29, 30, 29, 31, 0.000323102, 0.157026, 0.88629, 0.184378, 25
114.029, 94.6382, 29, 34, 25, 25, 0.0971801, 0.24061, 0.655982, 0.356379, 8
114.03, 94.6527, 25, 38, 21, 32, 0.0377277, 0.181804, 0.204289, 0.877367, 7
114.03, 94.6582, 29, 37, 20, 26, 0.095918, 0.101093, 0.134829, 0.379112, 7
114.031, 94.6764, 32, 38, 27, 34, 0.0742768, 0.126781, 0.682599, 0.558637, 10
114.027, 94.6218, 25, 35, 16, 33, 0.0748937, 0.204069, 0.520745, 0.537368, 8
114.03, 94.66, 34, 36, 16, 28, 0.0558316, 0.233559, 0.277877, 0.6304, 6
114.024, 94.6, 28, 35, 25, 33, 0.0238402, 0.168085, 0.808406, 0.784162, 15
114.03, 94.66, 31, 31, 27, 30, 0.0779733, 0.0962141, 0.245141, 0.316822, 7
114.031, 94.6673, 25, 39, 22, 34, 0.0463352, 0.124493, 0.384795, 0.351434, 7
114.03, 94.6545, 25, 32, 21, 27, 0.0814687, 0.244079, 0.189771, 0.407112, 6
114.031, 94.6709, 32, 34, 17, 32, 0.0501792, 0.0633983, 0.0901749, 0.87433, 5
114.03, 94.6636, 31, 39, 21, 32, 0.0733938, 0.123237, 0.347041, 0.277075, 7
114.013, 94.3945, 31, 34, 18, 34, 0.0198856, 0.179804, 0.89913, 0.487494, 22
114.021, 94.5509, 34, 38, 19, 33, 0.0748971, 0.107365, 0.793637, 0.89784, 15
114.031, 94.6673, 28, 35, 23, 32, 0.0375475, 0.184349, 0.200997, 0.0157072, 7
114.012, 94.3909, 26, 36, 18, 33, 0.0960643, 0.145986, 0.900374, 0.226539, 24
114.016, 94.4582, 30, 38, 21, 28, 0.0608294, 0.10876, 0.891527, 0.603618, 17
114.032, 94.6764, 33, 35, 27, 31, 0.0837787, 0.205255, 0.279071, 0.577476, 7
114.019, 94.5036, 26, 32, 19, 28, 0.0934411, 0.124258, 0.809954, 0.982503, 15
114.026, 94.6182, 30, 37, 24, 30, 0.0942223, 0.149631, 0.657506, 0.879232, 11
114.024, 94.58, 29, 34, 27, 34, 0.0398988, 0.0801135, 0.923017, 0.925432, 21
112.156, 89.4036, 26, 35, 26, 32, 0.0415547, 0.223397, 0.938843, 0.186378, 260
114.029, 94.6509, 25, 38, 16, 26, 0.0717363, 0.190101, 0.477402, 0.265937, 8
114.018, 94.4927, 27, 32, 29, 30, 0.0760835, 0.17161, 0.851503, 0.254976, 19
114.02, 94.52, 33, 38, 21, 33, 0.0648392, 0.0755308, 0.93886, 0.764201, 25
114.03, 94.6582, 30, 30, 22, 27, 0.0719555, 0.0934257, 0.170155, 0.258609, 7
114.025, 94.5909, 34, 36, 21, 27, 0.0724224, 0.0905573, 0.665164, 0.908867, 11
114.032, 94.6818, 34, 35, 18, 27, 0.0256018, 0.137231, 0.0784113, 0.876414, 5
114.014, 94.4673, 29, 31, 19, 26, 0.0899497, 0.18961, 0.950458, 0.377452, 39
114.031, 94.6673, 31, 36, 27, 33, 0.0806751, 0.22855, 0.600785, 0.814122, 8
114.025, 94.5873, 26, 30, 16, 33, 0.0172614, 0.107251, 0.663619, 0.998619, 10
114.03, 94.6564, 27, 32, 28, 31, 0.0628581, 0.123094, 0.513855, 0.892065, 8
114.032, 94.6818, 33, 35, 19, 27, 0.0252173, 0.0844199, 0.0377521, 0.380873, 5
114.031, 94.6673, 28, 37, 23, 32, 0.0138009, 0.0528505, 0.311865, 0.274912, 7
114.029, 94.6473, 33, 36, 22, 29, 0.0120465, 0.0823423, 0.449325, 0.374788, 7
114.03, 94.6527, 27, 39, 26, 33, 0.0575044, 0.135898, 0.520184, 0.880036, 8
114.03, 94.66, 27, 34, 18, 34, 0.0350938, 0.192437, 0.278994, 0.108726, 7
114.031, 94.6764, 34, 37, 26, 33, 0.0424822, 0.108376, 0.227332, 0.379611, 7
121.488, 101.987, 32, 38, 23, 25, 0.0640213, 0.128698, 0.995937, 0.511675, 80
114.025, 94.6109, 33, 38, 23, 31, 0.0606972, 0.235028, 0.761158, 0.668665, 12
114.031, 94.6618, 27, 33, 20, 32, 0.0244563, 0.139004, 0.0674769, 0.227994, 5
114.031, 94.6673, 29, 33, 17, 26, 0.0925681, 0.151553, 0.169763, 0.387424, 5
114.025, 94.5982, 34, 36, 28, 29, 0.0755514, 0.0756667, 0.875428, 0.814105, 18
114.03, 94.6382, 30, 31, 28, 34, 0.0632266, 0.0935784, 0.900099, 0.456617, 23
114.03, 94.6509, 33, 37, 27, 27, 0.06881, 0.216685, 0.480092, 0.629536, 8
114.03, 94.6618, 26, 39, 26, 27, 0.0201432, 0.1353, 0.248923, 0.380754, 6
114.022, 94.5473, 25, 39, 23, 29, 0.0955452, 0.0974319, 0.766655, 0.569311, 13
114.028, 94.6291, 27, 38, 16, 34, 0.0233026, 0.085307, 0.534782, 0.194183, 9
114.031, 94.6764, 29, 30, 16, 30, 0.0315979, 0.0536818, 0.0157009, 0.487862, 5
114.029, 94.6509, 34, 35, 28, 29, 0.0420235, 0.127821, 0.384511, 0.0614234, 7
114.02, 94.5327, 25, 36, 18, 28, 0.0286605, 0.155805, 0.863255, 0.692172, 16
114.031, 94.6655, 32, 35, 20, 31, 0.0486114, 0.231325, 0.108185, 0.832629, 5
114.02, 94.5255, 30, 34, 18, 27, 0.0706097, 0.217727, 0.901064, 0.667229, 16
114.029, 94.6455, 31, 38, 26, 28, 0.00982232, 0.140622, 0.41937, 0.374104, 8
114.03, 94.6582, 29, 39, 20, 26, 0.0101757, 0.179711, 0.367766, 0.641141, 7
114.03, 94.6545, 33, 37, 27, 27, 0.0344273, 0.178067, 0.445994, 0.364288, 6
114.016, 94.4727, 32, 35, 18, 27, 0.0544104, 0.138223, 0.964971, 0.818662, 20
114.031, 94.6673, 29, 32, 19, 25, 0.010468, 0.211652, 0.231803, 0.324461, 5
114.03, 94.6582, 25, 37, 16, 33, 0.0590627, 0.0913593, 0.258137, 0.648454, 7
114.03, 94.66, 27, 30, 27, 30, 0.0350003, 0.167176, 0.15201, 0.560039, 6
114.021, 94.5509, 26, 35, 29, 30, 0.0596417, 0.0954165, 0.775696, 0.225154, 15
114.029, 94.6418, 29, 30, 21, 25, 0.0516145, 0.224477, 0.547112, 0.694011, 7
114.028, 94.6418, 27, 35, 20, 33, 0.0986146, 0.20545, 0.591805, 0.581575, 9
114.028, 94.64, 34, 34, 26, 31, 0.0234624, 0.214907, 0.529918, 0.987742, 8
114.021, 94.5109, 25, 34, 26, 28, 0.0653437, 0.139066, 0.947508, 0.525466, 30
114.03, 94.6582, 29, 31, 18, 29, 0.0268279, 0.161167, 0.192818, 0.48063, 6
114.031, 94.6655, 26, 35, 26, 30, 0.0499462, 0.0642283, 0.169012, 0.324461, 7
114.03, 94.6527, 31, 35, 29, 32, 0.0739531, 0.189639, 0.584621, 0.355648, 11
113.993, 94.2327, 27, 34, 27, 31, 0.0864838, 0.204615, 0.937794, 0.28305, 69
114.028, 94.6382, 29, 39, 22, 34, 0.0436522, 0.195682, 0.525096, 0.38622, 9
114.03, 94.6545, 28, 35, 17, 26, 0.0433766, 0.0823786, 0.483907, 0.35267, 8
114.027, 94.6127, 26, 32, 19, 29, 0.0647962, 0.214252, 0.513027, 0.603118, 9
114.029, 94.6527, 27, 34, 27, 33, 0.00129729, 0.0880651, 0.428468, 0.0855258, 9
114.027, 94.6236, 25, 36, 20, 34, 0.0105573, 0.0910409, 0.620198, 0.851882, 11
114.028, 94.6291, 30, 33, 18, 29, 0.0709143, 0.218873, 0.519798, 0.0237271, 8
114.026, 94.6182, 34, 37, 24, 32, 0.0567839, 0.183236, 0.631474, 0.0097639, 13
114.011, 94.3655, 33, 38, 18, 31, 0.0331018, 0.206845, 0.956754, 0.965282, 23
114.03, 94.66, 34, 36, 17, 27, 0.0522516, 0.109571, 0.229406, 0.936204, 6
114.03, 94.6618, 26, 34, 25, 27, 0.0987785, 0.150683, 0.315229, 0.152907, 6
114.027, 94.6236, 25, 33, 22, 27, 0.0851195, 0.221852, 0.510092, 0.990187, 9
114.03, 94.6582, 27, 34, 20, 28, 0.0759446, 0.111207, 0.114677, 0.171691, 7
114.03, 94.6582, 28, 39, 19, 34, 0.00701981, 0.212563, 0.382507, 0.83893, 7
114.03, 94.6527, 28, 36, 28, 32, 0.00834881, 0.172837, 0.564693, 0.806957, 8
114.03, 94.6545, 30, 30, 21, 33, 0.00881167, 0.138713, 0.351819, 0.0742308, 6
114.031, 94.6655, 26, 37, 24, 29, 0.0502688, 0.131859, 0.0860955, 0.973392, 5
100.919, 81.0127, 28, 35, 16, 27, 0.0350457, 0.0824765, 0.997519, 0.341585, 524
114.03, 94.6582, 29, 34, 26, 28, 0.0501507, 0.198723, 0.191798, 0.117986, 7
114.017, 94.4745, 30, 34, 19, 30, 0.0113766, 0.187478, 0.887513, 0.810996, 18
114.031, 94.6673, 27, 37, 25, 31, 0.080962, 0.125404, 0.409053, 0.577134, 7
114.03, 94.6655, 31, 39, 22, 33, 0.0542225, 0.118481, 0.392803, 0.603112, 7
114.031, 94.6673, 28, 32, 25, 29, 0.0632001, 0.154706, 0.174442, 0.894122, 7
114.031, 94.6655, 26, 37, 26, 30, 0.0882118, 0.102321, 0.210297, 0.00387482, 7
114.029, 94.6455, 32, 33, 23, 34, 0.0511646, 0.149125, 0.749942, 0.879262, 13
114.03, 94.6564, 29, 38, 20, 34, 0.0535197, 0.190351, 0.373853, 0.786696, 6
114.031, 94.6764, 27, 32, 21, 27, 0.0671882, 0.110415, 0.0490937, 0.384211, 5
114.031, 94.6745, 25, 34, 19, 33, 0.0218797, 0.196069, 0.0588481, 0.435739, 5
114.031, 94.6673, 31, 38, 23, 28, 0.0128342, 0.124059, 0.15823, 0.620031, 7
114.028, 94.6364, 26, 31, 29, 32, 0.0968606, 0.237882, 0.48826, 0.642478, 9
114.028, 94.6273, 27, 35, 18, 32, 0.0455978, 0.154033, 0.484447, 0.761995, 8
111.911, 89.2618, 28, 39, 23, 34, 0.00104639, 0.245582, 0.976731, 0.546198, 258
114.026, 94.6055, 25, 32, 19, 34, 0.0366239, 0.1273, 0.625849, 0.868495, 9
114.022, 94.5509, 33, 37, 26, 27, 0.0299552, 0.127897, 0.774869, 0.354881, 14
114.025, 94.5964, 29, 37, 17, 27, 0.0564028, 0.163315, 0.581348, 0.0168516, 11
114.03, 94.6564, 27, 33, 24, 28, 0.0972584, 0.115523, 0.263769, 0.0365924, 7
114.028, 94.6345, 31, 32, 19, 25, 0.058216, 0.0856376, 0.622169, 0.397058, 10
114.03, 94.6582, 29, 39, 16, 32, 0.00153611, 0.0661252, 0.370522, 0.611206, 7
114.019, 94.4982, 30, 34, 18, 30, 0.0358582, 0.248288, 0.794795, 0.0479213, 17
114.031, 94.6709, 34, 38, 26, 33, 0.0629424, 0.0747615, 0.122534, 0.65434, 6
114.026, 94.5982, 28, 36, 22, 25, 0.0349081, 0.216504, 0.565361, 0.0957156, 10
114.027, 94.6273, 33, 35, 21, 34, 0.0778707, 0.190595, 0.702677, 0.767551, 10
114.03, 94.6582, 29, 34, 19, 34, 0.0913342, 0.217543, 0.232284, 0.974905, 7
124.063, 103.636, 27, 35, 22, 26, 0.0451965, 0.145862, 0.988571, 0.197747, 85
114.03, 94.6545, 30, 32, 20, 33, 0.0579019, 0.207388, 0.454976, 0.715296, 8
114.03, 94.6636, 33, 35, 19, 34, 0.0610252, 0.192217, 0.29403, 0.385687, 7
114.023, 94.5673, 27, 33, 23, 30, 0.0659551, 0.201484, 0.782889, 0.997376, 11
114.03, 94.6582, 29, 35, 28, 30, 0.0538045, 0.128456, 0.587519, 0.631959, 9
114.025, 94.5964, 29, 39, 16, 29, 0.0255883, 0.148588, 0.630138, 0.374835, 11
114.03, 94.66, 29, 31, 26, 28, 0.0519495, 0.0585789, 0.234014, 0.793388, 7
114.029, 94.6382, 30, 32, 23, 26, 0.0107471, 0.225836, 0.477757, 0.548536, 8
114.018, 94.4982, 27, 33, 25, 26, 0.0250923, 0.172634, 0.898321, 0.923447, 18
114.026, 94.6036, 27, 37, 19, 30, 0.0818404, 0.088664, 0.684071, 0.701247, 10
114.018, 94.4891, 34, 39, 28, 28, 0.0723033, 0.0816795, 0.880775, 0.801943, 18
114.024, 94.5709, 31, 36, 16, 28, 0.0697988, 0.149872, 0.688074, 0.0803677, 11
114.025, 94.5964, 34, 36, 18, 26, 0.066046, 0.13265, 0.689218, 0.565887, 11
114.025, 94.6091, 31, 32, 23, 31, 0.0652185, 0.193998, 0.760636, 0.714777, 13
114.031, 94.6709, 26, 37, 18, 32, 0.0499846, 0.218509, 0.0981657, 0.750533, 5
114.031, 94.6655, 31, 35, 25, 27, 0.0346749, 0.121322, 0.254371, 0.636813, 7
114.031, 94.6691, 30, 38, 20, 34, 0.0643851, 0.10724, 0.355509, 0.895901, 7
114.028, 94.6327, 32, 37, 21, 28, 0.0830855, 0.0935512, 0.464857, 0.520421, 8
114.025, 94.5782, 32, 38, 23, 25, 0.0347221, 0.181879, 0.771214, 0.953148, 10
114.029, 94.6473, 30, 30, 26, 30, 0.0533823, 0.0557059, 0.298422, 0.561688, 6
113.981, 94.0109, 28, 34, 21, 33, 0.0481662, 0.0874468, 0.993103, 0.978223, 69
114.03, 94.66, 29, 37, 18, 28, 0.0575664, 0.23983, 0.332098, 0.593569, 6
114.03, 94.6618, 28, 31, 18, 26, 0.0985797, 0.149894, 0.279923, 0.327405, 6
114.03, 94.6582, 34, 39, 27, 28, 0.0375837, 0.179224, 0.319433, 0.824128, 6
114.03, 94.6582, 25, 34, 28, 29, 0.0817228, 0.143183, 0.256714, 0.703126, 7
114.031, 94.6673, 32, 35, 25, 30, 0.00130874, 0.0876635, 0.0594984, 0.211989, 5
114.031, 94.6745, 27, 30, 16, 27, 0.0156783, 0.211317, 0.326452, 0.85985, 6
114.03, 94.6582, 31, 35, 22, 25, 0.0208766, 0.23261, 0.308071, 0.610658, 7
114.031, 94.6673, 33, 36, 16, 26, 0.0894197, 0.172112, 0.455528, 0.744714, 7
114.02, 94.5182, 30, 36, 20, 30, 0.0935441, 0.128784, 0.77129, 0.215354, 14
114.021, 94.5382, 25, 33, 23, 26, 0.000814626, 0.248562, 0.740721, 0.822864, 13
126.799, 107.749, 34, 39, 23, 34, 0.0726507, 0.186598, 0.963644, 0.263787, 78
122.294, 101.66, 26, 34, 21, 25, 0.0798338, 0.0860259, 0.992936, 0.160312, 99
114.031, 94.6655, 30, 36, 28, 34, 0.0836752, 0.136523, 0.79378, 0.477048, 14
114.012, 94.3873, 27, 36, 18, 34, 0.0595398, 0.085831, 0.87632, 0.119886, 22
114.031, 94.6709, 25, 32, 24, 27, 0.0765392, 0.224161, 0.00164755, 0.516469, 5
114.029, 94.64, 29, 34, 27, 28, 0.034148, 0.219623, 0.502638, 0.189019, 9
114.026, 94.6055, 30, 31, 21, 34, 0.0657023, 0.13749, 0.710878, 0.622912, 11
114.01, 94.3455, 29, 38, 16, 31, 0.0305233, 0.184449, 0.938596, 0.343341, 24
114.028, 94.6327, 28, 38, 24, 32, 0.0685444, 0.109467, 0.562272, 0.734462, 9
114.031, 94.6673, 29, 37, 20, 34, 0.0697082, 0.145218, 0.086618, 0.75789, 5
114.03, 94.6509, 32, 37, 23, 29, 0.0712362, 0.210758, 0.309167, 0.117843, 6
114.028, 94.6255, 28, 30, 26, 27, 0.0243234, 0.143753, 0.418471, 0.153644, 8
114.031, 94.6618, 30, 39, 28, 30, 0.0470565, 0.0824393, 0.171465, 0.0257483, 6
114.03, 94.6582, 25, 32, 22, 29, 0.0958281, 0.233266, 0.134029, 0.501778, 6
